number,episode_title,title,episode_description,vimeo_link,Vimeo Folder,podcast_id,duration_wordpress,date_added,created,Record ID,Added,Transcript ID,wordpress_permalink,wordpress_id,Recordingdate,Wordpress Created,recordID,Transcript,Update on Website,Update Website,get_audio,vimeo_id,audio_link,Youtube Link,get_transcript,srt,podcast_link,Short 1,Short 2,Short 3
16,"פרק 16: הסודות של חודש אלול- על רחמים, תשובה והתחלה חדשה","הסודות של חודש אלול- על רחמים, תשובה והתחלה חדשה","חודש אלול נחשב על פי הקבלה לחלון זמן ייחודי שבו אנרגיית הרחמים והשינוי זמינה יותר מאשר בכל זמן אחר בשנה. אבל מהי בעצם תשובה? האם היא קשורה רק למעשים חיצוניים, או בעיקר לשינוי פנימי של הלב והתודעה?

בפרק הזה של המקובלים נדבר על המשמעות הרוחנית של חודש אלול, נבין למה כל כך קשה לנו להודות בטעויות שלנו, איך אפשר לעשות חשבון נפש בלי ליפול לרגשות אשם וביקורת עצמית, ואיך הופכים חרטה לכוח שמניע לצמיחה.

בסיום הפרק נשתף גם בתרגיל פשוט שיעזור לכם להתכונן לראש השנה ולעשות את הצעדים הראשונים בדרך לשינוי אמיתי.

קצר 1- כשאנחנו מתנהגים בצורה אנוכית- אנחנו יוצרים ריחוק מהבוא. בחודש אלול הבורא נותן לנו הזדמנות להתקרב אליו מחדש.

קצר 2- איך עושים תשובה מעומק הלב? אבנר בסיפור אישי מרגש

קצר 3- המצוות מעולם לא נועדו להיות דת. הן נועדו לחבר ביננו לבין הבורא. ",https://vimeo.com/1214934033/416ced99f2?share=copy&fl=sv&fe=ci,,2lhVF8zJKAPzjAAx1TgYzZ,31:15,2026-08-02,8/2/2026 11:53,recn60NhZGbho7LDY,,,,,2026-8-2,,recn60NhZGbho7LDY,,,,,1214934033,,https://youtu.be/LmKTorKjC4k,,,https://open.spotify.com/episode/2lhVF8zJKAPzjAAx1TgYzZ,https://vimeo.com/1214956921/d01ac1cc9e,https://vimeo.com/1214956919/5e79768752,https://vimeo.com/1214956922/5d81baf85d
15,"פרק 15: הסוד של ט""ו באב","הסוד של ט""ו באב","בפרק 15 של המקובלים אנחנו צוללים למשמעות הרוחנית של ט״ו באב - שהוא לא סתם ”יום האהבה”. מהו האירוע הקוסמי שמתרחש ביום הזה, מהו זיווג קוסמי על פי הקבלה, ואיך עבודה פנימית, צמיחה רוחנית ופתיחת הלב יכולות לקרב אותנו לאנשים שנועדנו לפגוש?
נדבר על סוד החיבור בין נשמות, ונשתף כלים מעשיים ומדיטציה מיוחדת מט״ו באב לחיזוק מערכות יחסים ולמשיכת הזיווג הנכון.

מוזמנים להצטרף אלינו לאירוע ט""ו באב במרכז הקבלה בתל אביב.
28.7 הירקון 104 19:00

SHORTS

אם אתם לבד ולא מבינים למה האהבה לא מגיעה אליכם- זה מה שאתם צריכים לעשות

הזיווג שלכם מחכה לכם כבר מהרגע שנולדתם. אם תפגשו אותו או לא- זה תלוי רק בכם",https://vimeo.com/1211937997/e4e0864bef?share=copy&fl=sv&fe=ci,,6C7wHH5Nj6bSXtcLVn4LAe,23:17,2026-07-25,7/23/2026 10:49,recnuel9sncLKWtsg,,,,,2026-7-25,,recnuel9sncLKWtsg,,,,,1211937997,,https://youtu.be/4cOb2v0fs4A,,,https://open.spotify.com/episode/6C7wHH5Nj6bSXtcLVn4LAe,https://vimeo.com/1212280805/dfa5a30330,https://vimeo.com/1212280806/ad17089fe7,https://vimeo.com/1213015529/9b1d8cd25c
14,פרק 14: כששני אנשים הפוכים נפגשים - הם יכולים לשנות את העולם,כששני אנשים הפוכים נפגשים - הם יכולים לשנות את העולם,"הפרק הזה מוקדש למורה שלנו, האישה שפתחה את שערי חוכמת הקבלה לכל אדם – קרן ברג.

כשקרן והרב ברג נפגשו, הם היו שני אנשים שלא יכלו להיות שונים יותר. הרב הגיע ממשפחה של רבנים אורתודוקסים מברוקלין. קרן גדלה בבית חילוני וליברלי. הוא בחליפה ובשטריימל, והיא במיני ובסיגריה.

לכאורה – שני עולמות שלא יכולים להתחבר. אבל הייתה להם מטרה אחת משותפת: לאפשר לכל אדם בעולם להכיר את חוכמת הקבלה ולהנגיש אותה לכל מי שמבקש משמעות, בלי קשר לדת, לרקע או לאורח החיים שלו.

בתשעה באב 2020 קרן עזבה את העולם והתאחדה עם החצי השני שלה – הרב ברג.

הפרק הזה מוקדש לזכרה, ולרעיון שלפעמים דווקא החיבור בין שני הפכים הוא זה שמצליח לשנות את העולם.

קצר 1- האישה שבזכותה כולם יכולים ללמוד קבלה- קרן ברג
קצר 2- כשבן אדם משפיע לטובה על אחרים- האור משפיע לטובה עליו
קצר 3: כששני אנשים הפוכים נפגשים- הם יכולים לשנות את העולם.",https://vimeo.com/1209197271/1b632fbaa6?share=copy&fl=sv&fe=ci,,6gwE9BdUPlBsQVA38fq61R,27:49,2026-07-15,7/14/2026 12:52,recYTSAFuHBDKDies,,,,,2026-7-15,,recYTSAFuHBDKDies,,,,,1209197271,,https://youtu.be/L4v4VfCZxNo,,,https://open.spotify.com/episode/6gwE9BdUPlBsQVA38fq61R,https://vimeo.com/1210455772/d4d62765a5,https://vimeo.com/1210455770/e2388ce5b5,https://vimeo.com/1210455771/1e52a3a013
13,פרק 13: גלגולי נשמות- מסע הנשמה בעולם הזה ובעולם הבא (חלק 2),גלגולי נשמות- מסע הנשמה בעולם הזה ובעולם הבא (חלק 2),"בפרק הזה אנחנו ממשיכים את המסע שלנו אל עומק גלגול הנשמות, והפעם: מה קורה לנשמה אחרי שהחיים בעולם הזה מסתיימים?

אבנר ואני ננסה להבין מה אומרת הקבלה על המסע של הנשמה אחרי המוות: האם הנשמה מרגישה כאב ברגע המוות? האם אפשר ליצור קשר עם אנשים שנפטרו, ואם כן - האם זה נכון? האם נשמה יכולה לחזור לאותה משפחה, או להתגלגל גם בבעלי חיים או בצמחים, ומה ההבדל בין נשמות “צעירות” ל”זקנות”?

נדבר גם על מושג התיקון האישי והקולקטיבי ונבחן האם מגיע שלב שבו הנשמה מסיימת את מסעה ואינה זקוקה עוד לגלגולים נוספים.

ובסוף הפרק נענה על שאלות מהקהל שלנו לגבי המסע האישי שלהם

קצר 1-הכאב היחיד של הנשמה שלנו כשאנחנו מתים- הוא על הדברים שפספסנו ולא עשינו

קצר 2- מה קורה לנשמה אחרי המוות?

קצר 3- האם נשמה של אדם יכולה להתגלגל לתוך בעל חיים או דומם?

קצר 4- האם אפשר ליצור קשר עם המתים? מה מותר ומה לא מומלץ לעשות

(תבחרו את אלה שנראים לכם הכי חזקים)",https://vimeo.com/1204495420/e05460de1f?share=copy&fl=sv&fe=ci,,3RbqvAo6yC59u4LL2DXD4C,30:04,2026-07-08,6/30/2026 08:35,rechblvYN3OZbphNo,,,,,2026-7-8,,rechblvYN3OZbphNo,,,,,1204495420,,https://youtu.be/UFlUltzixHU,,,https://open.spotify.com/episode/3RbqvAo6yC59u4LL2DXD4C,https://vimeo.com/1208196739/14a8638d90,https://vimeo.com/1208196737/1d54bcc209,https://vimeo.com/1208196740/92f714a827
12,פרק 12: גלגולי נשמות- מסע הנשמה בעולם הזה ובעולם הבא (חלק 1),גלגולי נשמות- מסע הנשמה בעולם הזה ובעולם הבא (חלק 1),"האם החיים שלנו מתחילים בלידה ומסתיימים במוות, או שהנשמה שלנו נמצאת במסע ארוך הרבה יותר?

בפרק הזה של המקובלים אנחנו צוללים לאחד הנושאים המרתקים ביותר בחכמת הקבלה - גלגולי נשמות. 
מה זה בכלל גלגול נשמות? למה הנשמה חוזרת שוב לעולם? האם היא בוחרת את המשפחה והנסיבות שבהן תיוולד? האם אנשים מסוימים מלווים אותנו מגלגולים קודמים, והאם אפשר להשלים את התיקון שלנו כבר בגלגול הזה?

נדבר גם על האפשרות להכיר את הגלגולים הקודמים שלנו, ואיזה רמזים או סימנים יכולים לרמז לנו על המסע של הנשמה שלנו?

פרק שפותח צוהר לאחת התפיסות העמוקות והמסקרנות ביותר של חוכמת הקבלה - ומציע דרך חדשה להסתכל על החיים, על האתגרים שלנו ועל המשמעות שמאחוריהם.

קצר 2- למה בכלל כדאי ללמוד על גלגול נשמות? אבנר משתף בסיפור מדהים

קצר 1 הוא לא הנכון, בקרוב יהיו עוד",https://vimeo.com/1204495152/8083b8e057?share=copy&fl=sv&fe=ci,,2amQDjgwz908VEZiArDPsH,26:08,2026-07-01,6/30/2026 08:35,rechU8Bdgq2dLvWG2,,,,,2026-7-1,,rechU8Bdgq2dLvWG2,,,,,1204495152,,https://youtu.be/JAnZW1Dr97c,,,https://open.spotify.com/episode/2amQDjgwz908VEZiArDPsH,https://vimeo.com/1206031236/76f19315fa,https://vimeo.com/1206031235/2514ff634d,
11,"פרק 11: זמן לריפוי, הסוד הקבלי של בין המצרים","זמן לריפוי, הסוד הקבלי של בין המצרים","כולנו שמענו על בין המצרים ותשעה באב כתקופה שצריך “להיזהר” בה, אבל מה באמת קורה בימים האלה מבחינה רוחנית?
בפרק הזה אנחנו צוללים אל אחת התקופות הכי עוצמתיות ולא תמיד מובנות בלוח השנה הקבלי, ומנסים להבין למה היא מתחילה דווקא בחודש תמוז ומגיעה לשיאה בתשעה באב. על פי הקבלה, התקופה הזו היא לא רק זיכרון היסטורי של חורבן, אלא חלון בזמן שבו מתגלה אנרגיה חזקה מאוד, כזו שיכולה להציף לחץ, עצבות, כעסים ופחדים, אבל גם לפתוח פתח לריפוי, שפע וניסים.
נדבר על הקשר בין חודש תמוז למזל סרטן, בין חודש אב למזל אריה, ועל האופן שבו התכונות של שני המזלות האלה משפיעות על המודעות שלנו בתקופה הזו: רגישות, פגיעות, צורך בביטחון, אגו, גאווה וכוח פנימי. ננסה להבין למה דווקא בימים האלה היריב מופיע בעוצמה גדולה יותר, ומה זה אומר על כל אחד מאיתנו באופן אישי.
נשאל למה אנחנו בכלל צריכים תקופה שמעלה כל כך הרבה עומס רגשי, מה המקובלים אומרים על הכעסים והעצבות שמתעוררים בה, ואיך אפשר להפוך ימים שנראים מאתגרים להזדמנות אמיתית לשינוי.
וגם: למה תשעה באב מייצג חורבן בתרבות היהודית, מה המשמעות הקבלית של החורבן הזה, ואיך דווקא בתוך התקופה הזו מתגלה אנרגיה של ריפוי, אור והתחלה חדשה.",https://vimeo.com/1197953056/a4a8c365d4?share=copy&fl=sv&fe=ci,https://vimeo.com/user/19743394/folder/29448320?isPrivate=false,11xjCPFsPMLzQHvQzSprQA,23:53,2026-06-24,6/17/2026 20:53,recuI6YIuXw4LK8Jr,,,,,2026-6-24,,recuI6YIuXw4LK8Jr,,,,,1197953056,,https://youtu.be/HqFGPrEkIdk,,,https://open.spotify.com/episode/11xjCPFsPMLzQHvQzSprQA,https://vimeo.com/manage/videos/1203794768/de4413309c?utm_source=email&utm_medium=vimeo-email&utm_campaign=38005,https://vimeo.com/1203794739/435ab1e8c1,https://vimeo.com/1204225099/925e7b32c2
10,פרק 10.2:  כסף ופרנסה- איך לפתוח את צינורות השפע?, כסף ופרנסה- איך לפתוח את צינורות השפע?,"כולנו רוצים יותר שפע בחיים, אבל מה אם כסף הוא בכלל לא מה שחשבנו?

בפרק הזה אנחנו צוללים אל התפיסה הקבלית של כסף, פרנסה ושפע, ומגלים מדוע כסף הוא הרבה יותר מנייר, מספרים בחשבון הבנק או אמצעי לקניית דברים. על פי הקבלה, כסף הוא ביטוי של אנרגיית השפע האלוקית, וכל אחד מאיתנו נפגש איתו כחלק מהתיקון האישי של הנשמה.

נדבר על האמונות המגבילות שמרחיקות אותנו משפע, על הקשר בין דאגות ופחדים לבין חסימת צינורות הפרנסה, ועל השאלה שמעסיקה רבים: איך אפשר לרצות כסף, להתפרנס היטב ואפילו להתעשר – בלי להפוך את זה למרדף?
ננסה להבין מה באמת מבדיל בין אנשים שחיים בתודעת שפע לבין מי שחווים מחסור, ונחשוף כלים מעשיים מהקבלה ומהזוהר שיכולים לעזור לנו להתחבר לכוח השפע בחיינו.

וגם: מה ההבדל בין צדקה למעשר, מדוע שני הכלים הללו נחשבים למפתחות רוחניים לשפע, ואיך משתמשים בהם נכון.

קצר 1- הכח של מעשר- מערכת ההגנה הטובה ביותר לכסף שלכם
קצר 2- סיבה מספר אחת לעצירת השפע- פחדים ודאגות
קצר 3- ההבדל בין מליונרים לבין אנשים שאין להם כסף במילה אחת: רצון
",https://vimeo.com/1199134755/b73b21329c?share=copy&fl=sv&fe=ci,,3JcCgmrZN8V29ZdtqY6FO7,38:30,2026-06-17,6/7/2026 13:13,rec9UMnPFIz8KiVAC,,,,,2026-6-17,,rec9UMnPFIz8KiVAC,,,,,1199134755,,https://youtu.be/lsKflRYcCrk,,,https://open.spotify.com/episode/3JcCgmrZN8V29ZdtqY6FO7,https://vimeo.com/1200118862/056b35f5ca,https://vimeo.com/1200118861/caedc26a14,https://vimeo.com/1199134755/b73b21329c
9,פרק 9.2: פחד- האויב הגדול ביותר או המורה הכי חשוב שלנו?,פחד- האויב הגדול ביותר או המורה הכי חשוב שלנו?,"כולנו מפחדים – מכישלון, מדחייה, ממחלות, מאובדן, ולפעמים אפילו מהצלחה. אבל מה באמת עומד מאחורי הפחד, ומדוע הוא מצליח לנהל את החיים של כל כך הרבה אנשים?

בפרק הזה אנחנו צוללים אל שורשי הפחד דרך עיני הקבלה, ובוחנים מה ההבדל בין פחד בריא שמגן עלינו לבין פחד שמגביל אותנו ומרחיק אותנו מהחיים שאנחנו רוצים לחיות. נדבר על מקורם של פחדים לא רציונליים, על הפחד של דוד המלך, ועל תובנה מפתיעה שעלתה ממאות ראיונות עם אנשים בסוף חייהם.

נגלה מה הזוהר מלמד על פחד,  ואילו כלים וטכניקות מהקבלה יכולים לעזור לנו להשתחרר מהפחד ולהתחבר לאמון עמוק יותר בחיים.

פרק לכל מי שאי פעם הרגיש שפחד מחזיק אותו במקום – ורוצה ללמוד איך להפוך אותו ממחסום למפתח לצמיחה. 

קצר 1: כל הפחדים מתחלקים ל2: פחד שמגיע מהאור ופחד שמגיע מהקליפה

קצר 2: הפחד העיקרי של הנשמה שלנו זה לא לממש את הייעוד שלה

קצר 3: הפחד הוא אשליה אחת גדולה",https://vimeo.com/1195884645/d0cf7b4ce8,https://vimeo.com/user/19743394/folder/29310446?isPrivate=false,5WnOv46N1StQ7PoWrZpgwI,34:31,2026-06-10,6/7/2026 13:15,reciieI5IpfDbW2Tk,,,,,2026-6-10,,reciieI5IpfDbW2Tk,,,,,1195884645,,https://youtu.be/RMNjfZvg4Uw,,,https://open.spotify.com/episode/5WnOv46N1StQ7PoWrZpgwI,https://vimeo.com/1199130031/2262e9dc43,https://vimeo.com/1199130051/838de01674,https://vimeo.com/1199130025/34d6bc5e37
8,פרק 8: נישואים וגירושים על פי חוכמת הקבלה,נישואים וגירושים על פי חוכמת הקבלה,"למה אנשים בכלל מתחתנים בעולם שבו הכול כל כך זמני?
בפרק הזה אנחנו צוללים אל תוך המשמעות העמוקה של זוגיות ונישואים - מה יש בטקס החתונה מבחינה רוחנית, למה הוא עדיין רלוונטי, ומה באמת מחזיק קשר לאורך שנים.

דיברנו על האתגרים שמגיעים עם ילדים ואיך הם מטלטלים כמעט כל מערכת יחסים, על זוגיות ככלי לצמיחה והתפתחות אישית, ועל העבודה מול האגו, הפחדים והדפוסים שכל קשר מציף.

אבל האם צריך להילחם על כל קשר בכל מחיר? איך יודעים מתי נכון להמשיך לעבוד על הזוגיות ומתי הגיע הזמן לשחרר?
וגם: האם גירושין הם באמת כישלון, או שהם חלק מהמסע שלנו ודווקא בפרק ב׳ אפשר למצוא את הנשמה המיועדת לנו?

קצר 1: למה בכלל צריך להתחתן? הקבלה מגלה שבטקס הנישואין יש סוד עמוק

קצר 2:מה הסוד לחיי נישואין מוצלחים? עבודה רוחנית, ושלא יגידו לכם אחרת

קצר 3: האם גירושים הם כשלון? ומה קורה לנשמה בתהליך",https://vimeo.com/1195885872/6cd2712140,https://vimeo.com/user/19743394/folder/29161234?isPrivate=false,0WGh8WJOqgtxFtJ7WiVcfx,39:54,2026-06-03,5/28/2026 15:10,recSFQKaY8ljTuRzW,,,,,2026-6-3,,recSFQKaY8ljTuRzW,,,,,1195885872,,https://youtu.be/5Xtfo_SxcDI,,,https://open.spotify.com/episode/0WGh8WJOqgtxFtJ7WiVcfx,https://vimeo.com/1196309032/367453b402,https://vimeo.com/1195928492/71d89b30d8,https://vimeo.com/1195928463/225a07e0f0
7,פרק 7: ?איך מוצאים זוגיות אמיתית בעולם של אינסוף אפשרויות,?איך מוצאים זוגיות אמיתית בעולם של אינסוף אפשרויות,"בפרק הזה של ״המקובלים״ אנחנו צוללים אל תוך עולם הזוגיות והדייטינג בעידן המודרני- מהשפע האינסופי של אפליקציות, סטוצים ואפשרויות, מי אמור לשלם על מי ומה לגבי יחסים פתוחים
ונגיע עד השאלה שכולנו מחפשים עליה תשובה: איך מוצאים חיבור אמיתי?
נדבר על נשמות תאומות, על המשמעות הרוחנית של אהבה ומחויבות, על ההבדל בין לחיות יחד לבין נישואין, ולמה דווקא מערכות יחסים מצליחות להציף בנו את המקומות הכי רגישים וכואבים. 
פרק עמוק ומעורר מחשבה על אהבה מול חופש, אינטימיות והתיקון שאנחנו עוברים דרך זוגיות.

תיאור קצר 1: מה קורה בזוגיות לא מונוגמית ברמה הרוחנית?
תיאור קצר 2: יש דבר כזה נשמות תאומות? מה כתוב על זה בזוהר?
תיאור קצר 3: האישה היא זו שעוזרת לגבר לגדול רוחנית- ולא להיפך
",https://vimeo.com/1191401289/b9278fd1fb,https://vimeo.com/user/19743394/folder/29088852?isPrivate=false,0owxKfEFolwzkzTa3gejqA,43:17,2026-05-26,5/24/2026 12:09,rec3aEKjzZlpRV5qn,,,,,2026-5-26,,rec3aEKjzZlpRV5qn,,,,checked,1191401289,https://drive.google.com/uc?export=download&id=1y-KnHKG1RvJkoFDlhvsUF3EODaYNTAiU,https://youtu.be/ktfGyaRPR7k,,,https://open.spotify.com/episode/0owxKfEFolwzkzTa3gejqA,https://vimeo.com/1192979238/bae8914f76,https://vimeo.com/1192979237/5fdcfde772,https://vimeo.com/1192979239/4e3f45727b
6,פרק 6: הסוד הקבלי של שבועות,הסוד הקבלי של שבועות,"כשלומדים קבלה, כבר לא מסתפקים בלעשות דברים כי ככה נקבע או נכתב.
הרב ברג תמיד מעודד לשאול שאלות, כי רק כך נפתחים למידע חדש וברכות חדשות.
מה הסוד של ליל שבועות, מדוע הוא נקרא לילי הכלולות? מה ההזדמנות בפתח הקוסמי הזה?
מהו התיקון הלילי, למה נמנעים מלישון?
מה זה חיי נצח? הקשיבו לפרק 6 בפודקסט המקובלים, וקבלו מידע חיוני על המתנה של חג שבועות.
",https://vimeo.com/1192162305/2d054e7ccd?share=copy&fl=sv&fe=ci,https://vimeo.com/user/19743394/folder/29237889?isPrivate=false,1uOg3S5FIXDHbaqagC9BOH,31:05,2026-05-18,5/19/2026 09:50,reclRw1cy8xbtZQtv,,,,,2026-5-18,,reclRw1cy8xbtZQtv," אז מה כדאי לעשות בליל שבועות ומה זה בעצם תיקון ליל שבועות?
 למעשה מה שקרה במעמד הר סיני, הבורא גילה את האור של חיי נצח.
 כל מי שהיה חולה עברי, כל מי שהיה בעל מום נרפא,
 וכולם היו באחדות שלא הייתה כמותם מזמן בירת העולם.
 שלא ניתח, חיי נצח זה דבר אמיתי וממשי.
 נכון שכרגע זה נראה דבר לגמרי עזוי,
 כי אנחנו רגילים לחשוב בצורה מוגבלת, אנחנו רגילים לחשוב בצורה של זמן, של תנועה, של מקום,
 אבל במציאות האמיתית זמן, תנועה ומקום לא קיימים.
 בין אם גדלתם בבית חילוני, מסורתי או דתי,
 יש דברים שכנראה אף פעם לא הסבירו לכם,
 או שהסבירו לכם בצורה פשטנית ולא תמיד הגיונית.
 בפודקאסט הזה אנחנו מעודדים אתכם לשאול את כל השאלות,
 ואנחנו נביא לכם את התשובות הכי עמוקות ונסתרות שיש לחוכמת הקבלה להפסיע.
 אני נדע שמואלי רביבו, וביחד עם אבנר מדר, מבחירי המורים לחבלה בעולם,
 אנחנו מתרגשים להגיש לכם את פודקאסט המקובלים,
 ולהביא לכם את חוכמת הקבלה כמו שאף פעם לא שמעתם.
 היי לכולם, היום אנחנו נדבר על המשמעות הקבלית של חג השבועות.
 אנחנו יודעים שבין פסח לשבועות יש בדיוק חמישים ימים,
 ובתוכם יש את מה שאנחנו מכנים ספירת העומר.
 אז למה סופרים את העומר? למה דווקא החמישים?
 מה המשמעות של מספר חמישים?
 ולמה דווקא בין פסח לשבועות? מדוע לא יכולנו לספור את ספירת העומר בזמנים אחרים?
 מה מאפיין את התקופה הזאת, ובעיקר, מה כל כך מיוחד בחג השבועות?
 שזה חג שכולנו יודעים שבו התורה, האור של התורה ניתן לבני ישראל.
 אבל מה זה אומר לגבינו? מה זה אומר לגבי החיים שלי היום?
 איך משהו שקרה לפני למעלה מ-3,400 שנים משפיע על החיים שלי היום, בשנה הזאת?
 אז מבחינה היסטורית, אני רוצה שנבין מה קרה שם באר סיני.
 אנחנו יודעים שבני ישראל, לאחר שמיצו ממצרים, הם הגיעו לאותו מעמד,
 הם הגיעו לפני אר סיני, ובבב בסיוון, הבורא גילה להם את האור של עשרת הדיברות.
 עכשיו, עשרת הדיברות זה יכול להיות מעין דת שניתנה לבני ישראל, אבל מי שלומד קבלה,
 המקובלים, המורה שלי, הרב ברג, הסביר שעשרת הדיברות אף פעם לא היו מקושרים לדת.
 אלא מדובר פה בעשר הספירות, בגילוי המושלם של אור הבורא.
 למעשה, מה שקרה במעמד אר סיני, הבורא גילה את האור של חיי נצח.
 כל מי שהיה חולה עברי, כל מי שהיה בעל מום נרפא, וכולם היו באחדות שלא הייתה כמותם מזמן בריאת העולם.
 אז במעמד אר סיני, כל האור של הבורא התגלה, וכולם חזו וראו אותו.
 ואז בעצם משה היה אמור לעלות ביום למחורת, לעלות ולקבל בעצם את הלוחות.
 והוא עלה למעלה על האר במשך ארבעים ימים.
 וביום הארבעים הוא קיבל את הלוחות.
 וכשהוא ירד ביהוד זין בתמוז, הוא הבין שבני ישראל לא יכלו לחכות.
 כתוב שאמרה כי בושש, כי משה האיש בושש.
 בושש, האריה הקדוש מסביר שזה המילה בשש.
 הם בעצם פספסו את הספירה של הארבעים ימים בשש שעות.
 אבל מה זה אומר? זה אומר שהם כל כך היו ברצון לקבל סיפוק מיידי.
 מה שקורה לכולנו ביום יום שלנו.
 שכולנו רוצים לקבל את המילוי עכשיו, מבלי יכולת להפעיל את הכוח התנגדות.
 ואז בעצם משה הגיע בזמן, אבל בני בני ישראל הוא החר, ולכן הם בנו את עגל הזהב.
 וביהוד זין בתמוז נשברו הלוחות הראשונים.
 בגלל חטא עגל.
 אז כל האור של חיי נצח, וכל האור של הרפואות, כל האור הגנוז שהתגלה,
 במעמד הר סיני, הכל נעלם ברגע אחד.
 אבל אנחנו יודעים את ההמשך של הסיפור שהבורא הוא רחמן,
 והבורא הוא תמיד נותן עוד אפשרות לעשות חרתה או תשובה.
 והבורא אמר למשה תעלה שוב פעם לקבל את הלוחות השניים.
 ומשה עלה, ועלה שוב פעם לאר למשך ארבעים ימים.
 ואז הוא חזר ביום כיפור.
 יום כיפור זה יום של מכילה וסליחה.
 ולכן משה ירד עם הלוחות השניים, שאומנם הם לא היו באותה עוצמה של הלוחות הראשונים.
 הלוחות הראשונים יכלו לרפא את כל המחלות, את כל החושך, את כל הקיאוס מהעולם.
 והלוחות השניים הגיעו ממהדרגה קצת יותר נמוכה, אבל עדיין משה ירד ויביא אותם.
 והלוחות השניים מייצגים בעצם את הקשר שלנו לעץ החיים.
 את הקשר שלנו לשלמות של הנשמה שלנו שהייתה לפני חטא הדם הראשון.
 אז ליל שברות בעצם מייצג את הגילוי של חיי נצח.
 מה אנחנו אמורים לעשות בליל שבועות?
 המקובלים התקינו לנו את מה שאנחנו מכנים בשם תיקון ליל שבועות.
 זה תיקון שבעצם אומר אנחנו קוראים בתורה.
 קוראים את חמשת חומשי התורה, את נביאים, את הכתובים, את חמשת המגילות.
 אנחנו ממש עוסקים בתורה כל הלילה.
 למה? מכיוון שבלילה זה הערי הקדוש כותב,
 העור של חיי נצח שיכול לרפא אותנו גם רוחנית אבל גם גשמית.
 ממש כוח של ריפוי נכנס לתוך כל האיברים שלנו.
 ויכול להפוך אותנו לאדם חדש לגמרי.
 אם חוויתי כאב מעבר, אם אני עדיין סוחב איתי מועקה או מחשבות שליליות
 על דברים שעברתי או על דברים שאני חווה כרגע,
 יש אפשרות בליל שבועות לנקות את הכל.
 ממש להפוך להיות אדם חדש.
 אז מה כדאי לעשות בליל שבועות ומה זה בעצם תיקון ליל שבועות?
 המילה תיקון היא מילה שחוזרת על עצמה בחוכמת הקבלה.
 תיקון זה לא אומר שאנחנו פגומים.
 תיקון זה אומר שבאתי לפה לשפר תכונות, לצמוח ולגדול ולהיות האדם שבאתי להיות.
 יש לנו פוטנציאל בלתי מוגבל.
 הוא אינסופי מכיוון שהבורא הוא אינסופי.
 ולכן גם אנחנו אינסופיים.
 כל התכונות שיש לבורא, גם לי ולך ולך, לכולנו יש את אותן תכונות בדיוק.
 אז מה ההבדל בין אדם שהוא צדיק, אדם שמגלה את התכונות הללו,
 לבן אדם שלא מגלה?
 במילה אחת פשוטה, מודעות.
 אז חג השבועות הוא בא לתת לכל אחד ואחת מאיתנו,
 גם למי שאין מודעות, גם למי שנמצא במצב רוחני הכי נמוך שיש.
 זה לא משנה בכלל.
 ליל שבועות מעלה אותנו חזרה למודעות שבה אנחנו יודעים מי אני,
 מה היהוד שלי,
 מה היא התכלית של החיים שלי להתחבר לשלמות של הנשמה שלי,
 וממש לחוות את האור של גמר התיקון.
 גמר התיקון האישי וגמר התיקון הגלובלי של כל העולם.
 תיקון ליל שבועות בעצם אנחנו יושבים ולומדים כל הלילה.
 כי הרי הקדוש כותב שבלילה זה האור של חיי נצח מתגלה,
 ולכן לא כדאי לישון.
 כי שנה היא אחת חלקי שישי ממוות.
 אני יודע שזה קשה.
 אבל זה הכל עניין של מודעות.
 כל מי שמרגיש שהשנה הזאת חשוב לו להתחדש,
 חשוב לו לקחת את האור הזה לכל אזורי החיים,
 אם זה בריאות, אם זה רפואה, אם זה שפע, אם זה גדילה רוחנית,
 אם זה ליצור פריצות דרך חדשות,
 זה האור של שבועות.
 אז אנחנו יודעים שלא במקרה חג השבועות נחגג 50 ימים לאחר פסח,
 כי אנחנו כבר מבינים שהמספר 50 מייצג חיבור לספירת בינה.
 כי יש 50 שערי בינה,
 לעומתם יש 50 שערים של תומאה.
 מה זה אומר? זה מדרגות.
 זה כמו שיש אנרגיה.
 יש אנרגיה של שמחה, שמחה יותר גדולה, יותר גדולה,
 עד שזה מגיע לשמחה שאני כל הזמן בשמחה,
 בלי שום קשר למה שקורה סביבי.
 ולעומת המדרגות הללו יש אנרגיה נניח של עצבות,
 שזה עצבות ועוד יותר עצבות ועוד יותר כאב,
 עד שמגיעים למצב שאדם כבר באמת כבר הוא בדיכאון,
 בעצבות הכי עמוקה שיכולה להיות.
 אז שערי הבינה זה לעלות למעלה,
 שערי התומאה זה לרדת למטה.
 מה שקרה כשבני ישראל היו במצרים,
 הם ירדו למדרגה 49 של התומאה.
 הם היו משועבדים למצרים,
 והמצרים העבידו אותם לאו דווקא פיזית,
 אלא בעיקר רוחנית.
 הם היו משועבדים לרצון לקבל לעצמו,
 למודעות המוגבלת של הרצון לקבל לעצמו,
 שאז בני ישראל כבר הרגישו שהם אין להם יכולת,
 הם לא יכולים לצאת לחירות אמיתית,
 מכיוון שהמחשבות שלהם כבר היו כלואות,
 בתוך אותו כוח של הרצון לקבל לעצמו.
 ורק שנדע שהאל של המצרים קראו לו רא, ראש עין,
 ראשי תיבות הרצון עצמי,
 וזה היה ראש של תלה.
 הם היו סוגדים לתלה.
 התלה ביני המצרים היה הכוח הכי גדול בעולם,
 כי הם לא באמת התחברו לאור של הבורא,
 הם התחברו לכוח,
 אבל לכוח שהוא לא האור של הבורא.
 ומכאן מצרים הייתה ארץ של חשיכה,
 ארץ של חושך גדול,
 והבני ישראל היו בעצם מושפעים מאותה חשיכה רוחנית,
 עד שמשה בא והוריד את כל אורות הגאולה,
 ובגלל שאורות הגאולה התגלו לבני ישראל בבת אחת,
 זה כמו שבן אדם היה בכלא ומוצאים אותו בבת אחת מהכלא,
 והוא עדיין לא סיים את התקופה שבה הוא צריך להיות בכלא.
 אז באיזשהו מקום צריך גם להגיד רגע,
 בן אדם צריך עדיין לשלם,
 ומה התשלום של בני ישראל?
 התשלום הוא עבודה רוחנית,
 שאנחנו מכנים אותה בשם ספירת העומר.
 הספירת העומר באה בעצם לעזור לנו לגדול,
 ולעשות את השינוי, את הגדילה הרוחנית שהיינו אמורים לעשות,
 אבל לא עשינו.
 ובגלל שהבורא ראה שבני ישראל הגיעו למדרגה 49,
 ועוד מדרגה אחת הם נופלים למדרגה 50,
 אז הבורא שלח את אורות הגאולה בליל הסדר, בליל פסח,
 שאנחנו כולנו מכירים כליל הסדר, השביעי של פסח.
 אז כל החג הזה מייצג גאולה פרטית,
 אבל מיד לאחר מכן אנחנו לא רוצים רק לקבל אורות,
 אנחנו צריכים גם להרוויח את האור.
 וזאת המטרה של ספירת העומר.
 ספירת העומר בעצם מסתיימת בחג שבועות,
 אז מה קורה בחג שבועות?
 אחרי שבנינו כלי וניקינו אותו,
 ועברנו תהליך של זיקור חורכני,
 אז אנחנו מוכנים לקבל את האור של חיי נצח.
 שלא ניתח, חיי נצח זה דבר אמיתי וממשי.
 נכון שכרגע זה נראה דבר לגמרי עזוי,
 כי אנחנו רגילים לחשוב בצורה מוגבלת,
 אנחנו רגילים לחשוב בצורה של זמן, של תנועה, של מקום,
 אבל במציאות האמיתית, זמן, תנועה ומקום לא קיימים.
 גם כל החושך הוא לא קיים, מדוע?
 מכיוון שכתוב בזוהר, ואנחנו יודעים שהחושך הוא זמני.
 יגיע היום שבו האור של גמרי תיקון יתגלה,
 וכל הקיאוס ייעלם.
 אז אם קיאוס הולך ליעלם,
 אם מחלות ומלחמות ועצבות וחושך וכל הכאב שקיים בעולם ייעלם יום אחד,
 זה אומר שהוא מעולם לא היה אמיתי.
 כי כל דבר שהוא זמני הוא לא אמיתי.
 וההפך, דבר שהוא נצחי,
 כמו שאומרים, אני אוהב אותך לנצח, אהבה שלנו היא נצחית,
 כולנו רוצים להאחז בנצח,
 כי נצח זה דבר אמיתי, דבר שהוא לא מסתיים אף פעם,
 דבר שהוא בעצם מקושר עם האינסוף.
 אז הקיאוס הולך ליעלם, זאת אומרת, אם הוא הולך ליעלם אז הוא אשליה,
 אז כל החושך הוא אשליה אחת גדולה.
 ובכל זאת אנחנו צריכים לעשות עבודה של לתאר את עצמנו,
 של לזקח את עצמנו,
 כדי לראות שזאת אשליה.
 ומה שקורה בשבועות אנחנו זוכים להתחבר לחיי נצח,
 שבו אנחנו בעצם מבינים שהחושך הוא אשליה.
 נכון אני עוד אחווה אולי קיאוס ואולי כאב,
 כי אני בן אדם, אני נמצא בגוף, והגוף הזה הוא כמובן מוגבל,
 אבל במודעות של אני יודע זה זמני.
 זה קיאוס שבא ללמד אותי איך להגדיל את ההשתוקקות שלי לאור.
 כל סוג של אתגר, כל סוג של קושי, וגם הקושי הכי גדול בחיים,
 בא לעזור לנו להורר השתוקקות אמיתית יותר לחיי החיים,
 לאור של הבורא, לנצחיות של הבורא.
 כי גם אנחנו נצחים, ולכן אנחנו משתוקקים,
 מבלי שנדע אפילו, אנחנו כולנו משתוקקים לטעום את הטעם של חיי נצח.
 וזה מה שקורה בשבועות.
 אז אם אנחנו עוברים את התהליך של עיקון ליל שבועות כל הלילה,
 ובאמת נשארים ערים, שוב פעם אני מדגיש, זה קשה כשחושבים שזה קשה.
 זה קל כשמאמינים שזה קל, כשיודעים וואו אני כל כך משתוקק לזה.
 מסופר על זה שיעקב עבד כדי לזכות ברחל שבע שנים,
 ולאחר מכן לבן אמר לו מה פתאום?
 הוא נתן לו את לאה.
 הוא אמר לו לא לא, אצלנו לא נהוג לתת את הבת הצעירה לפני הבחירה.
 והוא נתן לו את לאה, ולאחר מכן הוא אמר לו אתה רוצה את רחל תעבוד עוד שבע שנים.
 וכתוב, והיו בעיניו כימים אחדים.
 יעקב עבד בהתלהבות כדי לזכות ברחל,
 וכל השבע שנים הללו עברו עליו כאילו עברו רק כמה ימים.
 כימים אחדים.
 מה זה מראה? שכקושי זה עניין יחסי.
 כשאני מתלהב, כשאני משתוקק למשהו, פתאום זה כבר לא קשה.
 אז אם אני בא לתיקון ליל שבועות, אפשר כמובן לעשות את זה בכל מקום שאתם מציינים.
 אנחנו ממליצים לבוא למרכזי הקבלה בארץ, בחיפה, בתל אביב.
 כמובן בכל מקום שאתם גרים,
 תבדקו איפה אפשר לעשות את תיקון ליל שבועות במרכז לקבלה.
 אבל כשמגיעים לתיקון הזה, הכל הלילה נשארים ערים,
 אנחנו ממש מכניסים לנשמה שלנו את כל האור שכביכול קיים בעולמות העליונים.
 את כל האור של השלמות של הנשמה שלנו.
 וגם אנחנו זורחים לברכות.
 זורחים לכל כך הרבה ברכות שאי אפשר להשיג אותן בימים רגילים.
 הזוהר ורבי אברהם עזולאי, אחד מגידולי המקובלים ממרוקו,
 מלמד אותנו שכדי להשיג גדילה רוחנית בין מדרגה אחת למדרגה שנייה,
 צריך לעבור שמונה ימים של תארה.
 שמעתי את הלימוד הזה מהמורה שלי, מיכל ברג,
 שלוקח שמונה ימים כדי לגדול ממדרגה אחת של קדושה למדרגה של אחריה.
 כלומר, אם במשך שמונה ימים אני חושב מחשבות טובות,
 ואני מזקח את עצמי ומתאר את עצמי ואני רק במודעות של השפעה,
 ואני לא נפגע ואני לא בתגובה על שום דבר ואני מפעיל כוח התנגדות ואני לומד ועושה תפילה,
 מתעסק רק בתארה שמונה ימים רצופים.
 רק אז אפשר לעלות למדרגה הבאה.
 אז תחשבו, יש חמישים מדרגות.
 אם היינו צריכים להגיע לכל החמישים מדרגות הללו,
 היינו צריכים לעשות עבודה של חמישים כפול שמונה.
 ארבע מאות ימים.
 ארבע מאות ימים רצופים של לחשוב חיובי.
 ארבע מאות ימים רצופים של להיות אדם שרק נותן ורק משפיע ורק מחובר לאור ולא מגיב על שום דבר,
 אלא מפעיל כוח התנגדות, זה כמעט בלתי אפשרי.
 זה אפשרי, אבל עבור רובנו זה כמעט בלתי אפשרי.
 לכן הבורא סידר את תיקון לילת שבועות והבורא סידר את ספרת העומר,
 שכל ספירה, כל יום שאנחנו סופרים את העומר, אנחנו יכולים לקפוץ שמונה ימים.
 כי בכל שמונה ימים של תארה, אנחנו יכולים להשיג ביום אחד שבו אנחנו סופרים את העומר.
 עכשיו זה לא אומר שאני אהיה מושלם ואני אהיה בעצם, הכל מה שאני אעשה, אני אעשה מתוך מקום של שלמות.
 יכול להיות שיהיו נפילות, אבל אם אני מודע לזה, התנהגתי עם גאווה, התנהגתי בצורה תגובתית.
 דחיתי, הייתי דחיין.
 התאצלתי, הייתי בנוח שלי.
 התרכזתי בעצמי.
 דיברתי מתוך הערכה עצמית נמוכה, שזה גם סוג של אגו.
 סוג של אגו, אנחנו חושבים שהערכה עצמית נמוכה זה דבר שמראה על ביישנות, זה דבר שמראה על אדם שהוא שקט ונעים וטוב לב.
 זה ההפך הגמור.
 זה מראה על כך שאתה לא מגלה את האור שלך, כי אתה לא מאמין בעצמך, את לא מאמינה בעצמך.
 ובליל שבועות אנחנו גם מקבלים את האור הזה של הערכה עצמית, של להבין מי אני באמת.
 מתי אתה מעריך את עצמך? ברגע שאתה יודע מי אתה.
 אם היית יודע שאתה סופרמן ושאתה מסוגל לעוף ולהציל את העולם, לא היית אומר לא אני, אני, אני, מי אני בכלל? מה אני אמור לעשות כאן?
 לא, היית פשוט רואה סוג של כאב והיית מיד עף כדי לתקן אותו.
 אבל אנחנו לא באמת מאמינים שלכל אחד ואחת מאיתנו ניתנו כוחות בלתי מוגבלים.
 אינסופיים.
 וזה האור של שבועות.
 וכאשר אנחנו נופלים זה בסדר ליפול.
 זה בסדר כשהאגו שלנו תופס שליטה.
 השאלה מה אני עושה אחר כך?
 אם אני בעצם מודע לזה שנפלתי?
 ואז אני דוחף את עצמי לתקן את הטעות.
 זה בסדר לטעות.
 אבל זה לא בסדר לטעות ולא לדעת שטעיתי.
 ולחשוב שאני צודק, שאני בסדר.
 זה בסדר שצעקתי עליו.
 זה בסדר שפגעתי בבן אדם השני.
 זה בסדר שהתנהגתי בצורה של אגו.
 האמת זה לא בסדר.
 לא מבחינה שלהיות עכשיו איזשהו אדם מושלם, אלא בשביל הנשמה שלך.
 בשביל הנשמה שלך.
 כי אז אנחנו מכסים את האור ומונעים את הברכות האינסופיות שהבורא רוצה להוריק עלינו.
 ומכאן שהערכה עצמית מגיעה כשאדם באמת מתאר את עצמו.
 זה פרדוקס.
 כי אנחנו יודעים שכדי להעריך את עצמך אתה צריך להגיד אני חזק, אני טוב, אני מעולה.
 שגם זה צריך לעשות.
 להאמין בעצמך זה גם לפעמים להגיד משפטים חיובים.
 אפילו להגיד את זה כל יום.
 על עצמך, על החיים שלך, על מי שאתה, על מי שאת.
 אבל בלי עבודה רוחנית זה כמו לקחת דף לבן ולהדביק אליו תמונות של חזון לשנה הבאה.
 אני רוצה בית גדול עם ברכה.
 אני רוצה את בת הזוג שלי לידי.
 אני רוצה שיהיה לי כוס של יין כל הזמן.
 יין רוזה עם פירות.
 ואני רוצה להרוויח מיליונים.
 ואני רוצה לצאת לחופשות.
 ואני רוצה להשפיע.
 ואני רוצה לתת.
 ואני רוצה להעביר אור לעולם, השאלה היא אבל באמת, אם כל החזון וכל הרצון, אם זה לא בא עם עשייה, אנחנו יודעים ששום דבר לא ייצא מזה.
 אז בליל שבועות, מה שבני ישראל אמרו לבורא, הם אמרו בעצם למושה, ולאחר מכן כמובן הבורא הבין שהם מוכנים, הם אמרו נעשה ונשמע.
 לא אמרו נשמע ואחר כך נעשה, אלא הוודאות שלהם בבורא הייתה כל כך מוחלטת, הם ידעו שאין עוד כוח בעולם חוץ מהאור של הבורא.
 וכדי להגיע להבנה הזאת, צריך לעשות עבודה רוחנית, אי אפשר רק להגיד אני מאמין ויש לי אמונה, זה בסדר להגיד שוב פעם, זה כמו לשים את לוח החזון שלי,
 כל הדברים שאני רוצה, אבל אם אני לא עושה עבודה רוחנית פנימית לנקוט את האגו, כי מה שגורם לחוסר אמונה, לספק ולכל התחושות השליליות שלנו, זה רק ההתנהגות האנוכית שלנו.
 לכן עיקר התיקון זה לסלק אנוכיות ואז אני יכול גם לחלוק את המתנות שלי, את הכישרונות שלי.
 הבורא נתן לך כישרונות שרק אתה יכול לגלות מתנות ואור ייחודי לנשמה שלך, ייחודי לנשמה שלך, לנשמה שלך.
 אז איך אפשר לגלות שאני בעצם מסלק את התכונות האנוכיות, אז אני יכול לגלות את המתנות שלי, כמו יעלום, נכון? כמו יעלום שמפעילים עליו לחץ כל כך גדול,
 ואז הוא הופך להיות יעלום, מגלים את היעלום שבתוכנו על ידי האתגרים, על ידי עבודה רוחנית, על ידי זה שאני עובר קושי אבל אני בתוך תוכי יודע, אני יודע, אני מרגיש את הכאב מצד אחד,
 אני מרגיש שלא טוב, זה לא אומר שעכשיו הכל טוב ואני יודע שהכל הטובה ואני מחייך כל היום ואני שמח כל היום.
 זה אולי באמת שמור לכמה יחידי סגולה שהם יכולים לסמוך כל היום, אבל אנחנו מרגישים כאב וזה בסדר להרגיש את הכאב, השאלה אבל איפה המודעות שלך נמצאת?
 איפה המודעות שלך נמצאת? בזמן הכאב, האם אתה מודע שהבורא נמצא איתך? האם אתה יודע שבתוך הכאב הבורא נמצא בתוכו ואז אתה מצפה לגלות אותו? שוב פעם, איך?
 אני מרגיש את הכאב, אני יודע שזה זמני, אני יודע שעכשיו אני צריך להשתנות, אני שואל מה הכאב בא ללמד אותי?
 כי כאב בעצם מייצג אור שרוצה להיכנס ואני לא נותן לו להיכנס, אם הייתי מאפשר לו להיכנס אז הייתי רק בשמחה כל היום, הייתי רוקד ושר כל היום.
 אז כל סוג של כאב זה אור או בוא נקרא לזה בצורה יותר מדויקת, אורות מקיפים שרוצים להיכנס ואני צריך לאפשר להם להיכנס, זה כואב.
 כשהאור מקיף נכנס, שלא תחשבו שזה איזשהו סוג של ענאה ושמחה, אלא כשהאור מקיף נכנס זה אומר שאני עובר תהליך של שבירה של הכלי הקטן שהיה לי.
 כי אני מקבל עכשיו כלי חדש, כלי חדש הרבה יותר גדול לזוגיות מלאה באהבה.
 מה אנחנו חושבים שלא מגיעה לנו אהבה? לא מגיעה לנו לחיות חיים של אהבה? של שמחה? של שפע?
 הלא מגיע לי, כן? נכון שזה ההפך ממגיע לי, יש את המגיע לי שזה אגו גדול ויש גם את הלא מגיע לי שזה אומר אני לא ראוי, אני לא ראויה לשפע.
 אני מסתפק במועט אבל האור רוצה לתת לך יותר, לא תקבל, צריך להגדיל את כלי הקבלה שלנו.
 מה שהיריב מנסה זה להקטין אותנו, לגרום לנו להרגיש שאנחנו חסרי משמעות, שאנחנו אנשים קטנים, זה עיקר העבודה של היריב.
 מישהו חושב מה זה בעצם המלאך השלילי? מה זה היריב? היריב בראש ובראשונה כשאתה קם בבוקר הוא אומר לך הנה עוד יום, עוד יום, של מה?
 יום, חסר משמעות, מה כבר תעשה ביום הזה? תלך, תעבור, תחזור, תסתכלו איך הימים עוברים עלינו, נראה שכל יום דומה ליום שלפניו, הוא גם דומה ליום שיגיע למחורת וזה לא אמור להיות ככה.
 כי הבורא מחדיר אור חדש בכל יום, בתוך התאים שלנו, עכשיו, עכשיו בזה הרגע נכנס אור חדש, התאים שלנו מתחדשים, המודעות, המחשבות שלנו אמורות להתחדש.
 המודעות מתחדשת, כל העולם מתחדש, השולחן הזה מתחדש, כי הבורא מחדיר ראיות חדשה לתוך האטומים שנמצאים בתוך העץ.
 זה לא אותו שולחן שהיה אתמול, זה כבר שולחן חדש היום.
 אז כדי להרגיש את ההתחדשות הזאת אני צריך לעשות גם עבודה פנימית, לסלק אגו, כל פעם שאני מזהה את האגו, למה אני צריך אותו?
 כדי שאנשים יעריכו אותי, כדי שאנשים יכבדו אותי, ומה יקרה לי בסוף? מה יהיה איתי בסוף?
 בסוף יהיה שבר קליחה ושלום, בסוף אני אחיה חיים בקטנות, כי קטנות זה אומר שהאגו ניצח אותי, גדלות זה שאני ניצחתי את האגו.
 הגדולה של האדם זה הענבה שלו, זה היכולת שלו ממש להילחם ביריב, ולא לתת ליריב, לגרום לנו להרגיש שאנחנו חסרי משמעות.
 כי אם הבורא שם אותך בעולם, כנראה שהעולם לא יכול להתקיים בלעדיך.
 שהבורא היה חייב אותך בעולם היום, הוא ממש צריך אותך, כי הבורא כביכול ברא את העולם אבל הוא לא סיים את הבריאה.
 כתוב בזוהר אל תקראי עמי כן אתה אבל אימי אתה בשותפות.
 כשכתוב אתם העם שלי, אז הזוהר אומר הכוונה זה לא אתם, עמי אתם כן, אתם העם שלי, אלא אימי אתם בשותפות.
 אני בראתי חצי, אני עשיתי חצי מהעבודה ואתם אמורים לסיים את מלאכת הבריאה.
 אתם אמורים לסיים את העבודה, איזה תפקיד חשוב!
 וכדי לסיים את הבריאה, כדי לסיים את התהליך, הבורא צריך כל אחד ואחת מאיתנו, כל אחד במתנות שלו, כל אחד בייחודיות שלו.
 אין זמן תנועה ומקום, אין כזה דבר מאוחר מדי.
 היום זה היום שבו אתה יכול להתחיל, שבו את יכולה להתחיל לממש את הפוטנציאל, את האור הבלתי מוגבל שהבורא מחדיר בתוכך.
 לא יחדיר בעבר וזה נגמר.
 פעם כן היה לי פוטנציאל וזה נגמר, לא.
 הפוטנציאל קיים והוא נשאר לנצח, כי הבורא מחדיר את האור הפוטנציאל כל יום מחדש.
 הבורא לא אומר, כבר אתה דע מה, אני כבר מיואש ממך.
 לא, הבורא, אם כבר קמת בבוקר, אם קמתי בבוקר,
 אלא אם כן אתה קם בבוקר ואתה רואה מלאכים סביבך,
 אז זה כבר מצב שכנראה אתה נמצא באיזושהי מציאות אחרת.
 אבל אם קמת בבוקר ואתה רואה שאתה חי ואתה קם ואתה יוצא מהמיטה,
 אז ברוך השם הבורא אומר, אני מחדיר בתוך הטעים שלך,
 בתוך כל חלקי הנשמה שלך, אור חדש היום.
 את אור הפוטנציאל הבלתי מוגבל שלך.
 בוא, צא לעולם.
 תחיל לעשות.
 אז זה מה שאנחנו מקבלים בשבועות.
 את היכולת לממש את הייעוד שלנו לכל השנה.
 משבועות הזה ועד שבועות הבאה.
 נכון, לא כדאי לישון כדי לא לטעום את טעם המוות.
 כי אני לא רוצה שחלק מהייעוד שלי יהיה בו טעם של מוות.
 לא, אני רוצה שיהיה בו רק כוח של חיים.
 מה זה אומר כוח של חיים?
 שיש לי כוח וחיות.
 חיות של הגוף, חיות של הנשמה.
 לממש, לגלות, לסמוח, לשתף,
 לעורר התלהבות חדשה בכל יום.
 ולהיות במודעות שאני מחובר לאור 365 ימים בשנה.
 זה האור של שבועות.
 ואני רוצה ברשותכם לקרוא פסוק אחד מספר הזוהר.
 ותוך כדי שאני קורא,
 אם אתם בישיבה, אז תעצמו את העיניים.
 אבל אם אתם בהליכה, הליכת בוקר או בקושר גופני,
 אז אפשר כמובן, מומלץ להשאיר את העיניים פתוחות.
 אבל רק תקשיבו ואני אחוון אתכם דרך הקריאה בזוהר.
 ממש לקבל את כל האור של ליל שבועות,
 האור של חיי נצח,
 האור של להתחבר לפוטנציאל הבלתי מוגבל שלנו לכל השנה.
 אז אני פותח את ספר הזוהר, קרח אחד,
 הקדמת ספר הזוהר, בפסוק 126.
 ועבר רבי שמעון, וחולו חבריה,
 מרעננים ברינה דהורייתה,
 ומחדשן מילין דהורייתה,
 כל חד וחד מניהו.
 ועבר חדי רבי שמעון, וחול שר חבריה,
 אמר לו נה רבי שמעון, בניי, זכאה חולקחון,
 בגינדה למחר, לא תהול קלה לחופה,
 אלא בעד יחו.
 בוא נקרא את הפסוק.
 רבי שמעון וכל החברים מרעננים בריננת התורה.
 וכל אחד ואחד מהם היה מחדש דברי תורה,
 בליל שבועות כמובן.
 וכל אחד מהם היה שמח.
 ורבי שמעון היה שמח.
 וכן כל שר החברים אמר להם רבי שמעון,
 בניי, אשרי חלקכם,
 כי למחר לא תבוא קלה לחופה, אלא עמכם.
 משום שכל אלו המתקנים תיקוני הקלה בלילה הזה,
 ושמחים בה,
 כולם יהיו רשומים וכתובים בספר הזיכרון.
 והקדוש ברוך הוא מברך אותם
 בשבעים ברכות ואתרות מהעולם העליון.
 אז אנחנו משולים לקלה,
 הקדוש ברוך הוא הבורא משול לחתן,
 וליל שבועות זה בעצם ליל החופה.
 הזיווג, ההכנה לחופה זה בעצם ליל שבועות,
 והזיווג עצמו נעשה בבוקר למחרות.
 זה הזיווג, זה החיבור, הדבקות הכי גדולה.
 רמת האחדות ביני לבין האור הכי גבוהה בשנה
 מתגלה בבוקר של ליל שבועות.
 ורבי שמעון אומר, כל מי שנשאר בלילה הזה
 ושמח ולמד,
 אז בבוקר למחרות הבורא מגיע
 ומברך את אותו אדם בברכות בלתי מוגבלות.
 אין גבול לברכות.
 ברכות שהן מעבר לכל דמיון.
 ובעיקר בעיקר היכולת לממש את הפוטנציאל הבלתי מוגבל,
 את האור האינסופי שקיים בתוכי,
 לטובתי ולטובת כל העולם.
 חג שבועות שמח לכולם,
 ואני מקווה שכל אחד ואחת מאיתנו
 נצליח לקחת את כל האור של שבועות
 ולהגשים אותו, להכניס אותו לחיים שלנו
 כדי שנוכל לחלוק אותו
 לא רק איתנו ועם בני המשפחה שלנו,
 אלא ממש לשנות את כל העולם.
 חג שמח לכולם.",,,checked,1192162305,https://drive.google.com/uc?export=download&id=1G8UeG9NoqxVFGaTYwuBsDMA45VZSz5Yk,https://youtu.be/fVlD5gR-KBM,checked,https://drive.google.com/uc?id=18Ozybl5_H5oqNj32P9bGhOdjerGTT7tl&export=download ,https://open.spotify.com/episode/1uOg3S5FIXDHbaqagC9BOH,,,
5,פרק 5: סודות הזוהר - לפצח את הקוד של התורה,סודות הזוהר - לפצח את הקוד של התורה,"בפרקהזה אנחנו צוללים לעומק מה שנקרא “סודות הזוהר” - ומנסים להבין: האם מדובר במידענסתר, או בדרך הסתכלות אחרת לגמרי על המציאות?
נדברעל למה התורה נכתבה בצורה שמצריכה פענוח, ואיך סיפורים שנראים קשים או לארלוונטיים מסתירים בתוכם רעיונות עמוקים ורלוונטיים לחיים שלנו היום.
 
נבחןאיך הזוהר מפרש סיפורים תנ”כיים באופן שפונה אלינו , לא רק לדמויות- ואפילו ניגעבשאלות מסקרנות כמו האם הזוהר רומז על מדע, עתיד ורעיונות מתקדמים.
ולבסוף,ננסה לענות על השאלה הכי פרקטית: איך בכלל מתחילים להבין את הזוהר, גם בלי רקעקודם
 
קצרים
1. לאיראן ניתנה רשות משמים לעורר כאוס עצום בעולם, והדבר היחידשאנחנו יכולים לעשות מול זה לעורר כח של אהבה
2. ⁠מה זה ספרדי ומה זה אשכנזי לפי הארי הקדוש 
3. ⁠מדוע צריך כיסוי לתורה ולמה היא לא כתובה בצורה גלויה?
",https://vimeo.com/1190041805/8acd1dd374?share=copy&fl=sv&fe=ci,https://vimeo.com/user/19743394/folder/29111504?isPrivate=false,6j8eOwVsz5hyYB4nyzYfNz,30:17,2026-05-11,5/19/2026 09:49,recTzLgnSrfmNZmlJ,,,,,2026-5-11,,recTzLgnSrfmNZmlJ," התורה נמצאת באסתר כדי שאנחנו נעשה את המאמץ לגלות אותה ויש כמה וכמה היבטים של אותו כיסוי כגון חשמל שהרי האנרגיית החשמל היא לא נמצאת בצורה גלויה,
 היא חייבת להיות בתוך חוטים מיוחדים ואז בתוך הקיר, כמו שתינוק חייב להיות בתוך הרחם שהוא בכיסוי ורק אחר כך להתגלות,
 כמו זרע שחייבים לזרוע אותו בתוך האדמה, צריך לחסות אותו בכל ורק אחר כך הוא גדל,
 יש עוד המון המון היבטים של כיסוי שמביא לידי גילוי,
 עד לפני תקופתו של אריה קדוש כל מי שרצה ללמוד קבלה היה צריך ללמוד קודם כל את הפשט, את הרמז, את הדרש ואת הסוד, את חוכמת הקבלה זה הסוד,
 ואריה קדוש אמרת נאחל מהדור שלנו אין יותר להתחיל מהפשט להתחיל מיד מהסוד,
 ניתנה רישות למלך פרס שזה בעצם איראן של היום,
 לעורר כאוס עצום בעולם, בכל העולם, בתקופה שלנו או אז? בתקופה שלנו, כי הרבי שמעון דיבר על העתיד,
 והדרך לשנות את זה היא רק עם מרבים, להרבות אהבה, מרבים אהבה בין אדם לחברו.
 בין אם גדלתם בבית חילוני, מסורתי או דתי, יש דברים שכנראה אף פעם לא הסבירו לכם, או שהסבירו לכם בצורה פשטנית ולא תמיד הגיונית.
 בפודקאסט הזה אנחנו מעודדים אתכם לשאול את כל השאלות, ואנחנו נביא לכם את התשובות הכי עמוקות ונסתרות שיש לחוכמת הקבלה להציע.
 אני עדה שמואלי רביבו, וביחד עם אבנר מדר, מתחירי המורים לחבלה בעולם, אנחנו מתרגשים להגיש לכם את פודקאסט המקובלים,
 ולהביא לכם את חוכמת הקבלה כמו שאף פעם לא שמעתם.
 בפרק הקודם, הכרנו ככה קצת את ספר הזוהר, מי כתב אותו, רבי שמעון, דיברנו גם על לג בעומר, ותקופת העומר,
 שמאוד זה נושאים שמאוד מקושרים אחד לשני, ועכשיו אני ממש רוצה שאנחנו ניכנס לתוך הסודות של הזוהר,
 בעצם איך קוראים בזוהר, מה כתוב בזוהר, ואיזה סודות אפשר לגלות בו.
 אז השאלה הראשונה שלי היא, קודם כל, למה זה בכלל צריך להיות כתוב בצורה של סוד?
 כאילו, למה זה לא כתוב בצורה ברורה וגלויה?
 למה אנחנו צריכים לפענח או לפצח את מה שכתוב בפנים? למה זה מוסתר?
 כן, זאת שאלה מצוינת אדס.
 כל דבר שהוא נמצא בהסתר, שהוא בקיסוי, הוא הבסיס לגילוי שלו.
 כלומר, התורה נמצאת בהסתר כדי שאנחנו נעשה את המאמץ לגלות אותה,
 ויש כמה וכמה היבטים של אותו קיסוי כגון חשמל, שהרי האנרגיית החשמל היא לא נמצאת בצורה גלויה,
 היא חייבת להיות בתוך חוטים מיוחדים ואז בתוך הקיר, כמו שתינוק חייב להיות בתוך הרחם שהוא בקיסוי,
 ורק אחר כך להתגלות, כמו זרע שחייבים לזרוע אותו בתוך האדמה, צריך לחסות אותו בכל ורק אחר כך הוא גדל.
 ויש עוד המון המון היבטים של קיסוי שמביא לידי גילוי.
 גם אנחנו בחיים, כשאנחנו עוברים תקופות של קיסוי כביכול,
 מיד לאחר התקופה הזאת, אם אנחנו באמת מבינים שהקיסוי הוא לא באמת קיסוי, הוא רק בא לעזור לנו לגלות,
 אז אנחנו מתאמצים יותר, אנחנו בודקים מאיפה צריך לעשות שינוי בחיים שלי כדי לגלות את האור שנמצא כרגע בקיסוי.
 אז התורה היא בעצם נמצאת בקיסוי כדי לאפשר לנו לעשות את העבודה הרוחנית,
 אבל מכיוון שהבורא, הצדיקים ידעו שאי אפשר, אנשים לא הבינו את התורה,
 אז בא רבי שמעון וכתב את הביור, את הפנימיות של התורה עם ספר זוהר.
 וגם ספר זוהר, שוב פעם, דיברנו על זה בפרק הקודם, שאני קורא לא רק כדי ללמוד,
 אלא אני קורא כדי להתחבר, כדי להתחבר לפוטנציאל הבלתי מוגבל שלי.
 יש סיפורים בתורה שכשאנחנו קוראים אותם הם יכולים לראות לנו נורא קשים,
 דברים שכתובים עליהם, מוות וסקילה ועונשים וכל מיני דברים שאם אתה קורא אותם אתה אומר לעצמך אוי ובוי,
 זאת התורה שלנו? למה זה נכתב בצורה כזאת?
 נכון, נכון.
 אנחנו מדברים על זה שהאור שרוצה להטיב, אז למה הוא מצפין את המסרים או את השיעורים שלנו בתוך דוגמאות כל כך קשות?
 כן, נכון.
 העניין הוא ששוב פעם, אי אפשר להבין את התורה בלי הזוהר.
 והמורה שלי הרב ברג היה נוהג לומר זאת כמה וכמה פעמים בכל הזדמנות.
 אי אפשר, זה בלתי אפשרי להבין את התורה בלי ספר הזוהר ויש המון אנשים שלומדים את התורה ובאמת כשלא קוראים את הזוהר,
 אז יש נטייה לפרש את סיפורי התורה בצורה כל כך כל כך הפוכה ממה שהתורה התכוונה.
 לצורך העניין יש אנשים שהולכים ופוגעים באנשים שהם לא יהודים כביכול,
 אז כאילו זה מצווה להרוג את הבן אדם או לפגוע וכולי וכולי.
 אני לא רוצה להיכנס לכל הפרטים כדי לא להיכנס שוב פעם למחלוקות, אבל חס ושלום.
 מה פתאום, התורה שפותחים את הזוהר זוהר אומר שאסור, יש איסור מוחלט לפגוע באנשים.
 אלא אם כן כמובן אנשים באים לפגוע בנו, אבל ללכת ולפגוע באנשים כנקמה זה בכלל לא מוזכר.
 ההפך, אנחנו צריכים להורר יותר מודעות של רחמים כלפי כולם.
 ולכן אנחנו נקראים גם עם סגולה, שזה בא מהמילה סגול.
 סגול מייצג את מערכת האיזון הרוחני של אני מחלק את מה שאני מקבל.
 אז עם ישראל זה עם שאמור לזון את העולם מבחינה רוחנית, לא לגרום חס ושלום להפך.
 זה דבר ראשון.
 הדבר הראשוני זה שיש המון המון סיפורים מוצפנים בתורה,
 שכשלא מבינים אותם שוב פעם, אז מתמקדים בתפל ולא בעיקר.
 אז בעצם זאת המשמעות של הדבר.
 מה שאמרת בהתחלה זה שאנחנו בעצם צריכים להתאמץ לגלות את הפנימיות של הדברים.
 להתאמץ לגלות את מה שנמצא בקיסוי.
 לגמרי לגמרי תחשבי.
 לא לקרוא את זה כמו שזה כתוב, אלא באמת לברר יותר מה ספר הזוהר אומר על זה ומה הפירוש האמיתי של זה.
 נניח את פוגשת בן אדם.
 אפילו בדייט פוגשים מישהו.
 מה הראשון הראשוני? החיצוניות.
 איך הוא מתלבש? איך הוא נראה? איך היא נראית?
 הדבר הבא זה איך הוא מדבר.
 ואז אחר כך כשעוברים את השלב הראשון ושלב השני רוצים להתחבר לפנימיות של הבן אדם.
 אני רוצה באמת להכיר אותו.
 נניח יש חיבור, יש כימיה.
 הדבר הבא זה באמת להכיר את הפנימיות של האדם.
 אז כך גם התורה.
 יש לה את החיצוניות שלה, אבל אחר כך היא מגלה את עצמה בעוד רובד ועוד רובד.
 עד שבסוף אתה פותח את הזוהר ואתה מבין וואו זה חיבור רוחני אינסופי וזה מדבר על החיים שלי היום.
 זה לא מדבר על מה שקרה לפני 4000 שנים אז אני תכף אתן כמה נקודות אבל הרבדים האלה זה בעצם הפשט, רמז, דרש, סוד נכון אז הזוהר זה הסוד.
 אגב אם לוקחים את הפשט, רמז, דרש וסוד זה יוצר את ראשי הטבעות פרדס ואם את זוכרת שדיברנו שהזוהר התגלה בפעם הראשונה בספרד.
 שאלו אותם אותיות פרדס פשוט הסמך עלתה למעלה והפכה לו את ספרד.
 מדוע מדוע זה התגלה דווקא בספרד כי באמת ספרד האותיות ספרד מייצגות את מה שהם מקובלים את מה שאפילו אריה הקדוש.
 בעצם הפך את הפרדס לספרד עד לפני תקופתו של אריה קדוש כל מי שרצה ללמוד קבלה היה צריך ללמוד קודם כל את הפשט,
 את הרמז, את הדרש ואת הסוד, את חוכמת הקבלה זה הסוד ואריה קדוש אמר נאחל מהדור שלנו אין יותר להתחיל מהפשט להתחיל מיד מהסוד ואז הוא הפך את זה לספרד.
 הוא לקח את הפרדס שהסמך בסוף הוא העלה אותה למעלה וזה הפך להיות המילה ספרד לכן אריה קדוש נקרא אריה ספרדי למרות שהוא לא היה ספרדי ומה אריה הקדוש הסביר.
 ספרדי או אשכנזי זה לא קשור לא להרץ המוצאה שלך זה קשור לזה שאו שאתה מתחבר לפנימיות של התורה אז אתה ספרדי אם אתה לא מתחבר לפנימיות של התורה אז אתה נחשב אשכנזי.
 שוב פעם אני לא רוצה שום גאות גדולות כן אבל מישהו שהיה אשכנזי אבל לומד קבלה.
 המזרח והספרדים המורוקאים למדו את חוכמת הסוד נכון נכון נכון נכון נכון נכון לגמרי לגמרי לגמרי יש דברים שכתובים בזוהר שהם היו צופי עתיד זאת אומרת כמו דברים ש.
 ידעו כאילו מה הולך לקרות בעתיד בימים שלנו סודות כאלה איזה שאלה ברור כי ספר הזוהר הוא ספר שמגלה את כל המציאות מתחילתה ועד סופה.
 ביחד עם זאת צריך לבין שיש דברים שעדיין נסתרים נכון יש את מה שנקרא סיטרי תורה אנחנו לא לומדים סיטרי תורה אנחנו לומדים את טעמי התואר מה זה טעמי התואר.
 מה אני צריך לעשות כדי להשתנות כדי לגדול וגדילה רוחנית זה אומר שני דברים איך אני מגדיל את הנתינה שלי ואיך אני מקטין את האגו.
 ‫איזה אגו השלילי לא תא לו את המוטיבציה ואת הרצון שלי לגלות את עצמי אז אז.
 אם אני עושה עבודה רוחנית אוקיי אם אני עושה עבודה רוחנית אז אז אני בעצם מגלה את האור שבאתי לגלות בזה בעולם.
 זוהר הוא הכלי החזק ביותר החזק ביותר בדור שלנו בתקופה שלנו מיד לגלות את העולם למה כי.
 כי בדור שלנו אין לנו את היכולת לשבת שעות ולילות ולהתחיל לפצח איזשהו תלמוד לצורכי המשנה,
 שישה סדר משנה ואין שום בעיה ללמוד את זה, גם לקור בטילים כמובן, מומלץ, כל הדברים הללו מומלצים,
 אבל הרב השלג, האריה הקדוש כתבו אתה רוצה את הדרך הכי בטוחה,
 שלא תסתה לימינה ושמאלה, אתה רוצה דרך בטוחה שבה תוכל להתמיד,
 תתחיל ללמוד את חוכמות הקבלה, מכיוון שמיד איך שאתה לומד, איך שאתה פותח את הזוהר,
 אתה מיד מרגיש את הנועם של האור, את המתיקות של האור, וזה עוזר לך להשתנות.
 אז בוודאי שהאריה הקדוש אמר, שהוא כתב, החל מהדור הזה שלו ואילך,
 קודם כל מתחילים מהסוד, וזה בעצם משהו שהוא לכאורה נראה דבר מאוד מאוד פשוט,
 אבל זה לוקח זמן להקל את זה, עדיין אנשים אומרים לא, אסור ללמוד, ולא כדאי ללמוד.
 תן לי דוגמאות נגיד לדברים שהם צפו פני העתיד שכתובים בזוהר.
 צפו פני העתיד תראי, אז אמרתי שזה נכון, סטרי תורה, שיש שם המון המון סודות,
 אבל הזוהר למשל מדבר על מלך פרס, שזה איראן, כן?
 שניתנה להם רשות, ואני מתאר לעצמי שחלק מהצופים שלנו בטח יודעים את זה.
 ניתנה רשות למלך פרס, שזה בעצם איראן של היום,
 לעורר כאוס עצום בעולם, בכל העולם.
 בתקופה שלנו או אז?
 בתקופה שלנו, כי הרבי שמעון דיבר על העתיד,
 והדרך לשנות את זה היא רק להרבות אהבה, מרבים אהבה בן אדם לחברו.
 מה נשמע, איך אתה מרגיש, יואו אני אזור לך, רואי ראיתי שנפל לך, בוא נעזור לך להרים את זה.
 אני רואה שאת עוברת קושי בחיים, איך אני יכול לעזור לך?
 חבר מתקשר, אני רוצה לעזור לו, מישהו חתך אותי בכביש, בבקשה לא נורא, אתה בטח צע,
 לא צריך כל הזמן להיות נצמדים לצדק, זה לא צודק מה שהוא עשה לי,
 כן אבל תפיל את מידת האהבה ואת הרחמים,
 זה שוב פעם, אני לא אומר שכולנו צריכים להיות עכשיו,
 איך אומרים, סמרטוטים ולמרח כל היום אחד על השני,
 אבל לבוא ממקום של אהבה, זאת המטרה של הזוהר,
 ואם אנחנו לא באים ממקום של אהבה, אלא ממקום של לקסח אחד את השני,
 ויש את כל הפירוד שכל אחד מרגיש שיש לו את הזכות לדבר בצורת גסה וכעסנית,
 ולהוריד אנשים ולקחת מאנשים, אז במיוחד פה בארץ,
 אז זה יוצר בעצם את הכוח לאותם ממשלות שנמצאות בעולמות העליונים,
 שהם נקראים בעצם הכוח החיצוני של העולם,
 אנחנו נחשבים, אנחנו רוצים להתחבר לכוח הפנימי,
 שזה אהבה, שזה שלום, הכוח החיצוני זה יותר בא ממקום של חורבן,
 ואיראן נמצאת במקום הזה של החורבן,
 מתי יכולה להיכנס, מתי שאנרגיית הבנייה, אנרגיית האהבה לא מתגלה בארץ,
 אז הזור אומר שיש להם כוח ולהורר כאוס שאי אפשר אפילו לדמיין,
 אז אנחנו כרגע נמצאים במצב שרק טעמנו את מה שאיראן עושה,
 אבל זה עדיין לא סוף פסוק, ואני רוצה כמובן להאמין ולאחל,
 ולאחל לכולנו שאנחנו כן נצליח להשתנות, כולנו ביחד, תיקולנו באותה סירה.
 אבל יש למשל, הזור מדבר על החשמל, שאף אחד לא ידע מה זה חשמל בתקופה שלפני אלפיים שנים,
 אז זור מדבר על זה שכדור הארץ הוא עגול, והוא לא שטוח,
 אז בזמן חכמי הבנתיקה הם טענו שכדור הארץ הוא שטוח.
 יש היום עדיין אנשים שטוענים את זה.
 יש, יש, שמעתי פה ושם, יש פה ושם.
 אז מה, אז בזור כתוב שהעולם הוא עגול?
 כן, אני יכול אפילו, את יודעת, לקרוא את הקטע הזה, כתוב בזוהר,
 בפרשת ויקרא, פסוק מארבעים ואחד אני אקרא,
 ובספר הדירה ומנון הסבא, פריש יתיר, דעה כל ישוב המתגלגלה בעיגולה ככדור,
 עילין לתתה ועילין לילה, בכל עינון דיריין משניין, בחביה ומשינוייד האווירה.
 אני אסביר, באותו ספר שזה ספר הזוהר, אז כותב רב מנון הסבא,
 הוא מגלה שכדור הארץ הוא בעצם עגול.
 ולא רק שהוא עגול, שהוא מוכלה גם לאבשות ולמדינות,
 שהאופי של אנשים שגרים באותה מדינה הוא שונה.
 אם תראי את האנשים, את האופי של אנשים בצרפת,
 הוא שונה מהאופי של אנשים בלוס אנג'לס, אוקיי?
 הוא שונה, אפילו בארצות הברית, את רואה האופי של ניו יורקים,
 ולעומת אלה שגרים בניו יורק, אלה שגרים בלוס אנג'לס.
 אפילו פה בארץ, תראי אופי של מי שגר בתל אביב,
 ולעומת אופי של נשים שגרים בעילת, או בצפון.
 לפני כמה זמן זה נכתב?
 לפני אלפיים שנים.
 אז הוא כותב, כדור הארץ הוא עגול מסיבה מסוימת,
 כי יש אקלים רוחני, יש אנרגיה רוחנית בכל מקום.
 והסיבה שכדור הארץ הוא עגול,
 מכיוון שכך בעצם כל המציאות התחילה,
 בצורה של עיגולים, שאין למעלה, אין למטה,
 אין התחלה ואין סוף,
 כדי להראות לנו שהמציאות האמיתית היא מציאות אינסופית.
 נכון? כמו כדור, שאין לו התחלה ואין לו סוף.
 מעניין, לפני שהיו לוויינים טלסטופים,
 לפני שהיו כל הלוויינים והטלסטופים,
 כל המחשור, הם ידעו את זה.
 מה שמראה לנו, שלא צריך ידיעה אינטלקטואלית,
 כדי לדעת ולהבין דברים בחיים.
 מספיק שאתה עושה את העבודה הרוחנית,
 הנשמה שלך כבר יודעת את כל התשובות.
 מרתק.
 יש רעיונות מדעיים, רפואיים, חברתיים, שהזוהר מדבר עליהם?
 כן, בהחלט.
 קודם כל, יש ספר שלם שנקרא פרשת פנחס,
 שהיא כל כולה מוקדשת לכל עברי הגוף.
 והזוהר שם מסביר את ההיבט הרוחני של כל עבר,
 של הלב, של הריאות, של המוח, של הקליות, של הכבד.
 וואו.
 עכשיו, מה קורה?
 אתה קורא, אתה לומד רגע מה ההיבט הרוחני של הלב,
 מה ההיבט הרוחני של הריאות,
 מה היבט הרוחני של הכבד.
 כן, הכבד בא מהמילה כבוד.
 ככל שאדם יש לו נטייה לקעס,
 אז הוא פוגע בכבד שלו.
 ככה זה אומר.
 זה גם ידוע היום במקורה?
 זה גם ידוע מדעית, בוודאי.
 אבל עדיין, אין לזה בעצם,
 זה לא עכשיו שמישהו בא לרופא והרופא אומר לו,
 תשמע, אתה צריך להפסיק לכוס,
 ולך הביתה, תפסיק לכוס 30 ימים ותחזור אליה ותראה ש...
 לא, הוא נותן לו כדורים, עושים לו ניתוח.
 עדיין יודעים, אבל עדיין לא משתמשים בידע הזה.
 עד הסוף, מכיוון שיודעים שאנחנו חיים במציאות מוגבלת.
 אז פרשת פנחס מלמדת אותנו את הסודות של גוף האדם,
 שזה פשוט וואו אחד גדול.
 אבל כשקוראים בפרשת פנחס, לא רק שלומדים על כל החלקים של הגוף,
 אלא גם מקבלים אנרגיה.
 אם אתה קורא על הלב, אתה מרפא את הלב.
 אם אתה קורא על הריאות, אתה מרפא את הר...
 את המוח.
 אתה קורא על מחשבות שליליות, אתה מרפא את המחשבות השליליות שלך,
 כדי שתתחיל להתחבר בצורה מומזנת למחשבות יותר טובות.
 מדהים.
 אתה קורא על הקליות, שזה המחסן האנרגטי של הגוף,
 אתה מתמלא באנרגיה, אתה ממלא את הקליות שלך באנרגיה.
 אז אלו בעצם הדברים שעזור גם מלמד, אבל גם עוזר לנו ליצור שינויים מדהימים בחיים שלנו.
 אז איזה עוד קרחים מספרים על...
 כאילו, איזה נושאים יש בכל קרח, וקרח הזה אולי נפרט?
 כן, כן, יש... וואו, זה מדהים.
 קודם כל, נגיד שיש 23 קרחים.
 נכון.
 אז זה נכון שכל קרח בעצם מפרש פרשה או כמה פרשות בתור?
 נכון.
 כמה פרשות, ששוב פעם אמרנו, זה מבאר את התורה, וזה מדהים, זה מרתק.
 רק לקרוא את הפירוש של הפרשה של השבוע, זה וואו, אחד גדול.
 אבל יש קרחים שמיוחדים לזיווק קוסמי,
 שמי שקורא אותם יכול, איך אומרים, לקרב את הזוגיות שלו, את בת זוג האמיתית שלו, את הבן זוג האמיתי.
 איזה קרח זה?
 ללך לך.
 ללך לך.
 ללך לך.
 זה בעצם, ללך לך מדבר על לצאת מהמסגרת שבה אתה נמצא כרגע,
 ולענוע למדרגה הרוחנית הבאה שלך, שם הבת זוג שלך נמצאת.
 כלומר, זה מראה לנו שצריך לגדול כדי לסקוט בבת הזוג האמיתית או בבן זוג האמיתי.
 הזוהר מסביר אגב שהאישה היא זו שבאה לעזור לגבר.
 אוקיי, אנחנו בטח נדבר על זה בפרק של זוגיות, אבל האישה היא באה ממקום יותר גבוה מבחינה רוחנית,
 מהמקום של הגבר.
 ולכן היא זו שאמורה להרים אותו, לרומם אותו מבחינה רוחנית.
 אז גם שקוראים את הקטע הזה בזוהר,
 אז אתה מושך גם מודעות של מה זה אומר להיות גבר וגם מודעות של מה זה אומר להיות אישה.
 ואיך לחבר בין השניים, שזה יהיה באמת זיווק קוסמי.
 יש קרח אחד שלם על פרנסה, על שפע.
 וזה בעצם הסיפור על יוסף הצדיק, פרשת מקץ.
 כשקוראים את פרשת מקץ, מיד אנחנו מתחברים לשפע אינסופי שרוצה להיכנס לחיים שלנו.
 ואנחנו כמובן יכולים לגלות אותו.
 יש קרח נוסף על ילדים, להביא ילדים.
 להיכנס לרעיון.
 כלומר, זה נקרא זגולות.
 אבל שלא לחשוב שמדובר פה על איזה שהוא אוקוס פוקוס.
 מדובר פה על צפנים, על אותיות עבריות שרבי שמעון הצפין בתוך הזוהר.
 וכמובן צריך פה איזושהי עבודה.
 צריך לקרוא בזוהר מתוך מקום של הערכה, מתוך מקום של אמונה, מתוך מקום של וואו אני כל כך, אני מודע לכוח האינסופי שיש בזוהר.
 כשאתה מודע לכוח שנמצא במקום כלשהו, אז הכוח הזה יכול כמובן להתגלות אליך.
 כשאני התחלתי לקרוא בזוהר, בהתחלה היה לי מאוד מאוד קשה.
 זאת אומרת, היה נראה לי שפה קשה ולא ברורה.
 אני בקושי הצלחתי להגיד את המילים.
 זאת אומרת, בהתחלה הייתי רק קוראת את זה ככה בעיניים.
 אחר כך התחלתי לקרוא את זה, לנסות לקרוא את זה בקול.
 היום אני כאילו כבר לא מאמינה.
 אני פותחת את ספר הזוהר ואני רץ על זה.
 אני קוראת כאילו בערמית.
 כאילו אני מדברת איזה שוטף מלידה.
 אפילו שאני לא מבינה עדיין את רוב המילים, זה ממש בא לי כאילו בקלות.
 ומה שאני רוצה להגיד בזה, זה שאני לא כזאת רבה גדולה.
 אני לא קוראת שעות בזוהר ולא לומד בזה.
 ממש כמה דקות ביום בבוקר אני עושה את זה.
 ואני רואה כמה זה הופך להיות יותר ויותר קל ויותר ויותר פשוט.
 והפירושים יותר נעירים לי ולפעמים אני מקבלת תוך כדי רעיונות.
 וזה עושה משהו ליום שלי כשאני עושה את זה.
 זה ממש עושה משהו ליום שלי.
 אני מרגישה בימים שאני לא עושה את זה.
 הבדל מאשר בימים שאני עושה את זה.
 כן, זה מדהים עד אז.
 כי בעצם את גדלת, את השתנית.
 הכלי הרוחני שלך גדל.
 וזה בעצם מה שקורה כשאנחנו גדלים מבחינה רוחנית.
 אז אנחנו יכולים להרגיש חיבור ברמה יותר גבוהה.
 זה יותר קל, זה יותר זורם.
 כי הזוהר בעצם מייצג את האור.
 זה מזכיר לי סתם משהו שקרה לי אתמול שאני בטוחה שדבר כזה מגיע וגם רעיונות אחרים שהם לא ברורים לי מגיעים,
 בזכות כזה קריאה הזריזה שאני עשה בזוהר,
 אז סתם יצאתי להוציא כסף מהכספומט ושנייה לפני שיצאתי מהבית חשבתי לעצמי אולי אני אקח את הכרטיס השני, לא את זה,
 והגיון נכנס ואז אמרתי לעצמי לא למה שאני אקח את הכרטיס השני, זה הכרטיס שאני רוצה להוציא ממנו כסף,
 אבל בכל זאת לקחתי את הכרטיס השני, הלכתי לקספומט, אני שם את הכרטיס הראשון, לא עובד,
 שמה שוב, לא עובד, שמתי את הכרטיס השני, עבד.
 עכשיו, אין שום סיבה הגיונית שזה לא יעבוד יום לפני או כמה ימים לפני הוצאתי כסף, הכול עבד, הכול היה בסדר,
 לא יודעת מאיפה יגיעה היום החשבה הזאת.
 לא יודעת למה חשבתי את זה אפילו.
 ואמרתי לעצמי, מזל, כאילו, מזל שהקשבתי לזה.
 אני בטוחה שדברים כאלה לא יודעת כל מיני רעיונות כל מיני השראה דברים שלא ברור לנו מאיפה הם לא מגיעים.
 מגיעים מזה שאנחנו מתחברים לעולם הזה לעץ החיים הזה שאתה מדבר עליו דרך הקריאה בזוהר.
 לי זה ברור בהחלט אנחנו מבינים שהזוהר הוא לא ספר.
 הוא הוא הוא אור אינסופי שנמצא בתוך דמות של ספר ולכן זה מתאה כל כך הרבה אנשים שחשבו שזה ספר.
 איזה ספר מה כבר אפשר לגבל מספר אבל זה לא ספר זה תחנת זאת תחנת כוח של אור אינסופי שהמקובלים של רבי שמעון הוריד והכניס בתוכו.
 זכור משהו משבוע מלפני לא יודע שבועיים שלושה אולי שפגשתי מישהו.
 ואחרי שסיימתי את הבגישה איתו אמרתי הוא חבל שלא לקחתי את מספר הטלפון שלו חבל איפה אני אמצא אותו עכשיו.
 וניסיתי לראות איפה איך אני יכול לי ליצור קשר עם אותו לא מצאתי אוקיי שחררתי את זה וקראתי בזוהר.
 קראתי בזוהר וחשבתי באמת על אותו אדם.
 כמובן לא ידעתי מה הולך לקרות אבל בערב שיצאתי לזה שהליכה הוא פתאום עובר מולי אותו בן אדם.
 בן אדם שאני רוצה לפגוש ומיד אני מחבר בין הדברים כאילו זה זה נחשב כאילו וואו איזה צירוף מקרים נדיר שהוא יעבור בדיוק באותו רחוב ואני אגיד לו וואו.
 רציתי לראות אותך אני רציתי באמת לדבר איתך על כך וכך וכך אדם שהוא באמת רציתי לראות אותו ולפתח איתו איזה שהוא.
 ניסים קוראים אם אנחנו באמת יוצרים את החיבור הזה לאותה מציאות שהיא מציאות של ניסים וזאת אחת המטרות של ספר הזוהר.
 פשוט מדהים ממש אז באמת למי שעדיין לא התנסה יש דרך פשוטה לקרוא לזה איך שאתה ממליץ ככה למתחילים.
 ראשית יש ספר שנקרא סודות הזוהר.
 זה ספר שהמורה שלי מיכאל ברג קיבץ מגוון רחב של נושאים אבל נושאים שהם בולט פוינט נושאים שנוגעים בדברים הכי חשובים בחיים.
 אם אתה רוצה לקרוא לזוגיות על זיווג קוסמי.
 כלומר לא רק לקרוא כדי למשוך את הזיווג הקוסמי או לחזק את המערכת הזוגית שלך אתה פותח באותו קטע של זוגיות וקורא וזאת גם מדיטציה אתה רוצה יותר פרנסה יש קטע אתה רוצה כוח של סליחה יש קטע אתה רוצה כוח של.
 של להורא רצון ומוטיבציה יותר גדולה בחיים יש קטע מיוחד לזה אז זאת אומרת שזה לא כל הזוהר אבל זה קטעים נבחרים הזוהר שעוסקים בנושאים הכי הכי הכי פרקטיב של החיים.
 אז אני ממליץ להתחיל עם זה ומי שמרגיש וואו ישר לגשת לספר הזוהר.
 אני הרגשתי וואו בהתחלה ומיד קניתי את כל האת כל הסט אני זוכר שעוד המורה ששאל אותי אמר לי רגע.
 למה שלא תכנס למה שלא תתעשה את זה מתישהו אז אומר לי למה לא היום.
 אמרתי באמת למה לא היום מה הבעיה למה לא היום באמת קניתי את הזו הרבה אותו יום.
 ועל כל השאר הזה סטוריה להתחיל סודות הזוהר ואז אפשר לעבור לסט כולו ומה שחשוב זה להבין כשאתה מביא את ספר הזוהר שאת מביאה את הזוהר הביתה.
 את משנה את המציאות שלך ואת המציאות ואת החיים של כל המשפחה שלך וזה משנה גם את כל האנרגיה בבית.
 אז לסיום אולי נקרא מאזור קטע שככה קצת יעזור.
 לכולנו במציאות המטורלת הזאתי שאנחנו לא יודעים אם ההפסקת אשתים אשך תחזור אליך אימא איראן מה יהיה איתנו.
 קטע מאזור שקצת יעזור לנו להתמודד עם המציאות הזאתי או להתגבר עליך.
 אחלה אהבתי אז אני אני עכשיו אפתח בקטע של כוחה של ודאות הזוהר פה מגלה את הסוד של הוודאות אני אקרא בערמית.
 ואנחנו נקבל מזה את הכוח של הוודאות לחיים שלנו אלא ודאי נודע בשערים בעלה דקות שבריחו.
 דיוט ידע וידבק לפה מה זה משאר בלבי אז זה אומר אלא ודאי נודע בשערים בעלה את מכירה את השיר אשת חיל של יום שישי את שער אותו במשישי לא.
 אבל נניח שאת מכירה בתים ששרים מי כתב את השיר אשת חיל שלמה מלך הוא כתב את זה על שרה ימינו אבל יש גם פרשנות אחרת שהוא כתב את זה על השכינה.
 זה גם גם זה וגם זה נכון אז אז אשת חיל מימצאה זה הוא באחד מהפסוקים אומר נודע בשערים בעלה אז כולם חושבים שמדובר פה על הבעל.
 של אותה אישה של אשת חיל כן אשת חיל של הבעל איפה הוא נודע בשערים אז פה זה אומר אלא שהוא שזהו הקדוש ברוך הוא בעצם הבעל משול לקדוש ברוך הוא.
 ואיך הוא מתגלה לאדם הוא מתגלה לאדם בצורה של שערים נכון אותו בלוש בשערים אז מה זה אומר כפי מה שכל אחד משאר בליבו.
 אם אדם משאר בליבו כלומר מה אתה חושב אם אתה חושב בצורה של דאגות והססנות ופחדים ואני תלוי בבן אדם אז אם הוא יגיד לי לא מה יהיה איתי איך אני איך אני אצליח אז אתה מכניס מודעות של ספק.
 אז הבורא מתגלה לך בצורה של ספק כלומר יש לך ספק אתה לא בוודאות בבורא אתה לא בוודאות באור.
 אז המתגלה לך במטרגה מאוד מאוד נמוכה ורוב הסיכויים שאתה באמת הדאגות שלך.
 התמומשו הפחדים שלך באמת התמושו אבל אם בן אדם למרות הפחדים אומר אני בוודאות באור.
 זה שריר שצריך לפתח זה לא קורה בין לילה הקריאה בזוהר מכזקת בנות המודעות שהאור נמצא בתוך כל בתוך כל מצב במיוחד במצבים קשים.
 הראש של הבורא לא עוזב אותך ולא יעזוב אותך לעולמים.
 הראש של הבורא לא עוזב אותך, הראש של הבורא...
 ככל שאנחנו מרגישים יותר אתגרים ויותר קושי,
 ההפך, יש יותר את הגילוי של האור שנמצא בהסתר,
 רק צריך לגלות אותו.
 אז הנה, עכשיו אני קורא בזוהר ואני מכניס אור של וודאות ואני משתחרר באותו רגע
 מכל הפחדים, מכל הדאגות, מכל מה שמטריד אותי במשך היום.
 מטרידים אותי כל-כך הרבה דברים.
 למה? כי אני לא בוודאות.
 אז זאת כוחה של ודאות.
 אתה יכול לומר את המשפט שוב שכתוב שם?
 כן בטח, הנה כתוב פה,
 זהו הקדוש ברוך הוא שהוא נודע ומושג
 לפי מה שכל אחד משאר בליבו.
 לפי מה שכל אחד משאר בליבו.
 מה שכל אחד משאר בליבו,
 זה מה שמתגלה לו.
 לגמרי, זה לא קשור לכלום,
 זה קשור לאיפה המחשבות,
 איפה המודעות שלך נמצאת.
 אם אתה בספק, אז הבורא
 מתגלה לך בצורה של באמת ספק.
 אז לכולנו, לדמיין
 השאלה זה שהיה טוב.
 ברמה הקולקטיבית, אוקיי.
 אבל לפחות גם אם ברמה הקולקטיבית,
 נניח
 אני לא יכול לשלוט בהתנהגות של כל הישראלים בארץ.
 נניח שלא יהיה
 טוב,
 אבל אני בוודאות שאני אהיה
 תהיה על היגנה למשפחה שלי.
 אני דולג עכשיו להכניס ודאות
 שאני אהיה במקום הנכון, בזמן הנכון
 ואני כמובן עושה את כל ההשתדלות
 אבל אני בוודאות
 כל שכן ברמה האישית, אם יש אתגר
 אז אני בוודאות שהאור נמצא, וודאות זה לא אומר מה שאני רוצה שיקרה יקרה, לא.
 וודאות זה לא אומר שאני החלטתי וזה יקרה, וודאות זה לא אומר אני מאמין שיהיה טוב.
 מה זה להאמין שיהיה טוב, מה אנחנו בעסקי האימורים?
 יהיה טוב, אני מאמין, האמונה זה כמו לאמר, אני מאמין אבל יום למחורת אני כבר לא מאמין.
 בוודאות זה כוח עוצמתי, אני יודע שלאור, שהאור של הבורא נמצא איתי, זה כוח שצריך באמת להתאמן, להתחבר אליו.
 הוא קיים, אבל צריך ללמוד איך לעורר אותו,
 איך לבנות אותו, מודעות של ודאות,
 וכשקוראים בזוהר, אין ספק שמיד מרגישים התעוררות של ודאות בכל תחומי החיים.
 ובנימה אופטימית זו.
 ממש אופטימית עד אז, כן?
 אנחנו עכשיו ברמה אופטימית, כן.
 נסיים את הפרק, ואני רק רוצה לומר שנגענו באמת בטיפה בים,
 אבל אני שמח שהייתה לנו לפחות הזדמנות לגלות את אותה טיפה עבור הסרטים שלנו.
 ממש, ואולי גם נשים לינק למי שרוצה לקרוא יותר,
 או להזמין את ספר הזוהר, יהיה לכם לינק בפודקאסט, בתגובות.
 בטח.
 תודה רבה.
 תודה עד אז.
 והיום טוב.
 נתראה.",,,checked,1190041805,https://drive.google.com/uc?export=download&id=1e_kz0bDApjiOn8c_Xworks48pPlyUYEK,https://youtu.be/UPuDFefVcUk?si=0C_GhZufvua_dTNj,checked,https://drive.google.com/uc?id=1FbNfDGnN1o4fmVTlJDLrFAMd65KPZM6K&export=download ,https://open.spotify.com/episode/6j8eOwVsz5hyYB4nyzYfNz,,,
4,פרק 4: ספר הזוהר - הצופן הסודי של התורה,ספר הזוהר - הצופן הסודי של התורה,"מה זה בעצם ספר הזוהר - ולמה הוא נחשב לאחד הספרים הכי מסתורייםומשמעותיים בעולם התורה?
נדבר על ההבדל בין הזוהר לתנ״ך, למה הוא כתוב בצורה כל כך מוצפנת, ומההמשמעות של השפה הארמית.
בפרק הזה אנחנו פותחים את הדלת לעולם הקבלה דרך הסיפור של רבי שמעון בריוחאי, ומנסים להבין מה עומד מאחורי ל״ג בעומר, המדורות, והמשיכה האדירה לקבר שלו.
בנוסף, נצלול למשמעות של ספירת העומר: למה סופרים ימים, מה עומד מאחוריהמנהגים והאיסורים, ואיך התקופה הזו יכולה להפוך מכל “מה אסור” להזדמנות אמיתיתלהתפתחות פנימית.
",https://vimeo.com/1188750096/0323bf0359?share=copy&fl=sv&fe=ci,https://vimeo.com/user/19743394/folder/29073451?isPrivate=false,5fBzbi8YXH1iG2vgHybJYV,31:31,2026-05-04,5/19/2026 09:48,recIKSJVu1Eg9kMLC,,,,,2026-5-4,,recIKSJVu1Eg9kMLC," כי התורה היא כתובה בצורה של צופן, צפנים, כמו שיש למישהו כספת וכדי לפתוח את הכספת אז יש לו צופן מסוים,
 שלאו דווקא לצופן יש משמעות, נניח צירוף של אותיות, צירוף של מספרים ורק אותו אדם שיודע את הצופן יוכל לפתוח את הכספת
 ואז יוכל למשוך את האוצרות מהכספת שלו.
 אז התורה היא בעצם כספת של אין סוף, של חוכמה, של אור, של ברכות.
 כדי להתחבר לזה צריך את ספר הזוהר.
 רבי שמעון הוא ממשיך דרכו של משה רבנו והוא כתב את ספר הזוהר מכיוון שהמורה שלו, רבי עקיבא,
 דיקש ממנו לכתוב ספר כלי, רוחני, עוצמתי, שיחניס רק אהבה בלב של האנשים.
 המלאכים יש להם רגל אחת, כלומר אין להם אה אוקיי הבנתי אותך, אתה יודע מה בסדר יאללה עשית תאיתה לא נורא,
 לא כשמלאך רואה שבן אדם טעה אז הוא יודע שהוא טעה, אין אפור, יש או שחור או לבן.
 ובדרך כלל כשאנחנו טועים ואנחנו רוצים לבקש בקשות אז המלאכים חוסמים, יש מלאכים שאומרים לא אתה לא ראוי לקבל פרנסה, אתה לא ראוי לקבל ברכות.
 בין אם גדלתם בבית חילוני, מסורתי או דתי, יש דברים שכנראה אף פעם לא הסבירו לכם או שהסבירו לכם בצורת השתנית ולא תמיד הגיונית.
 בפודקאסט הזה אנחנו מעודדים אתכם לשאול את כל השאלות ואנחנו נביא לכם את התשובות הכי עמוקות ונסתרות שיש לחוכמת הקבלה להציע.
 אני עדס מואלי רביבו וביחד עם אבנר מדר, מבחירי המורים לקבלה בעולם, אנחנו מתרגשים להגיש לכם את פודקאסט המקובלים ולהביא לכם את חוכמת הקבלה כמו שאף פעם לא שמעתם.
 היי אבנר היי עדס מה נשמע בסדר גמור זה יום אנחנו מדברים על ספר הזוהר לפני שאנחנו מתחילים אני רוצה לשאול אותך שאלה כזאת אם היית צריך להסביר עכשיו למישהו שלא מכיר ולא יודע מה זה ספר הזוהר במשפט אחד.
 איך היית אומר לו מתאר לו את ספר הזוהר וואו אני הייתי בוחר דווקא את הספר של אריפוטר אם את מכירה.
 וכשהוא היה פותח את הספר הזוהר מתחבר למין מציאות שהיא פלאית.
 שימה עבר לכל מגבלה אין מגבלות במציאות של אריפוטר.
 בספר הזור מחבר אותנו גם למציאות שהיא נקראת מציאות של עץ החיים אבל מה זה בעצם אומר זה אומר שאני יכול להתחבר במציאות הזאתי לשלמות שלי למחשבות טובות.
 ליצירת ניסים למימוש הפוטנציאל שלי לשבור כל מיני חסימות.
 שלא מצליח לשבור אותם באמצעות הסכל אז בוא נאמר ספר הזוהר הוא ספר שעוקף את כל המגבלות כולל גם את המגבלות של הסכל שלנו ולכן זה נחשב.
 הספר בידיעה שכל המקובלים השתמשו בו במשך אלפי שנים.
 מה הבדל אבל בין ספר הזוהר לבין התנ״ך או ספרים קנונים אחרים שנכתבו במהלך ההיסטוריה האמת היא שאין הבדל כי הכל זה מקשה אחת אנשים אומרים התורה קודם כל תלמד את זה אחרי זה תלמד את זה אין הבדל.
 החיבור על המציאות הרוחנית הוא בעצם מקשה אחת יש בו את התורה.
 והיא מייצגת את התורה שבכתב ויש בו ספר הזוהר שהוא מייצג את התורה שבעל פה מה זה אומר.
 תעזור מבאר את התורה כי התורה היא כתובה בצורה של צופן.
 ספנים כמו שיש למישהו כספת וכדי לפתוח את הכספת אז יש לו צופן מסוים שלאו דווקא לצופן יש משמעות נניח.
 צירוף של אותיות צירוף של מספרים ורק אותו אדם שיודע את הצופן יכול לפתוח את הכספת ואז יכול למשוך את האוצרות מהכספת שלו אז התורה היא בעצם כספת של אין סוף.
 של של חוכמה של אור של ברכות כדי להתחבר לזה צריך את ספר הזוהר מכיוון שמי שלא יודע את הצפנים אז יכול ממש בקלות.
 להתחיל להתמקד דווקא בסיפורים של מה קרה ליעקב ולאברהם וליצחק ולמה היו לו שתי נשים ולמה 12 השבטים וכל הסיפורים האלה הם סיפורים שאפילו אז אזור עצמו רבי שמעון אמר.
 אפשר אפשר לקרוא ספרים של סופרים הרבה יותר טובים מהתורה שהם ספרים הרבה יותר מרתקים.
 אז אז למה אנחנו נצמדים דווקא לתורה כי התורה היא אוסף של אותיות עבריות שכולל בתוכו.
 את כל הקשמת הייעוד הפוטנציאל הבלתי מוגבל של כל אחד ואחת מאיתנו אז מה ההבדל בין הזוהר לתורה.
 התורה היא בעצם הצופן והזוהר מבאר את הצופן אז אם זוהר הוא כמו מבאר את הצופן של התורה למה הזוהר דווקא כתוב בשפה שהיא.
 לא ברורה זה כתוב אפילו בערמית את התורה יותר קל לי להבין שאני קוראת מאשר את ספר הזוהר אז אם זה מבאר איזה איך זה שזה כתוב בצורה הרבה יותר טובה אני אסביר בקצרה כי כדי להבין את הזוהר צריך גם להבין.
 מי זה רבי שמעון בר יוחאי שהוא מגדולי התנאים הוא בעצם.
 אריה אריה הקדוש כותב שהוא ניצוץ נשמתו של משה רבנו נכון אם משה רבנו גילה את התורה שבכתב.
 ברבי שמעון כגלגול של משה וגילה את האור של הזוהר עכשיו למה הזוהר נכתב בעצם בשפה ערמית יש כמה סיבות אבל הסיבה העיקרית.
 היא שבאותה תקופה השפה המדוברת הייתה ערמית ולא עברית עברית הייתה שפה של המשכילים.
 של אנשים בעלי מעמד מאוד גבוה אבל פשוטים דיברו ערמית לפני אלפיים שנים ולכן רבי שמעון ידע שהזוהר צריך להיות מונגש.
 ההפך מה שחשבו בדורות ששבאו לאחר מכן ההפך הזוהר צריך להיות מונגש לכל אדם ולכן רבי שמעון כתב את זה בשפה ערמית.
 בנוסף יש הסבר גם יותר עמוק שהשפה ערמית היא השפה היחידה שהמלאכים לא מבינים עכשיו הצופים שלנו בבית תגידו רגע מה זאת אומרת המלאכים לא מבינים.
 פה צריך להיכנס להבנה של איך איך העולם הרוחני עובד אין לנו באמת את היכולת להעמיק בזה כרגע בזה בפודקאסט הזה אבל המלאכים הם דוברי אמת.
 המלאכים יש להם רגל אחת כלומר אם אין להם אה אוקיי הבנתי אותך אתה יודע מה בסדר יאללה עשית את הייתה לא נורא לא שמלאך רואה שבנאדם טעה אז הוא יודע שהוא טעה.
 אין אפור יש או שחור או לבן ובדרך כלל כשאנחנו טועים ואנחנו רוצים לבקש בקשות אז המלאכים חוסמים יש מלאכים שאומרים לו אתה לא ראוי לקבל פרנסה אתה לא ראוי לקבל ברכות.
 ואז ההספה ערמית עוקפת אותם ככה בורס יידר את זה שהשפה היחידה שהם לא הבינו זה ערמית וזאת השפה שניתנה לרבי שמעון לכתוב את הזוהר כי מי שקורא בזוהר הוא מיד עוקף את כל המסכים.
 את כל הקטרוגים כביכול כלומר במקום לבקש מהמסקירה שתייצר לי פגישה עם הבוס או לבקש מי עוד בן אדם שמעוד מלפגש עם איזה שהוא מנהל שבסוף אני אגיע לאדם שאני רוצה לו את הישירות.
 תחת הדלת ומדבר ישירות עם הבוס עם אותו אדם שיכול להשפיע על הגורל שלך אז זה בעצם האור של הזוהר זה בצורה הזאת שזה יהיה בעצם נגיש לכל אדם ובאותה מידה.
 זה זה זה מנקה וזה משחרר אותך מכל כך הרבה מגבלות שקיימות בעולם הזה.
 בגלל זה בעצם השאירו את הערמית אבל אפשר לקרוא בעצם את הפירוש של הזוהר שהוא כבר כתוב בעברית במשך אלפי שנים כאן אני אומר אלפיים שנים כמעט אלפיים שנים.
 היה רק את הזוהר בערמית ואגב הזוהר היה מוסתר בירושלים למעלה מאלף שנים כי האנושות לא הייתה מוכנה עדיין לקבל את האור.
 אינסופי של הזוהר וכשגילו את הזוהר הייתה קבוצה של של טמפלרים שהגיעו לירושלים חפרו מצאו מצאו את כל הכתבים של הזוהר בחפירות שם העבירו את זה לספרד נדבר על זה אולי בהמשך בכל אופן.
 אלפיים שנים אף אחד לא אייז אף אחד לא אייז לכתוב את הפירוש כי כולם ידעו את מעלתו של רבי שמעון.
 כולם ידעו שזה האור הגנוז כולם ידעו שיש שם את כל האור של בירת העולם אף אחד לא אייז בכלל איך אפשר לבאר משהו שהוא אינסופי כי הזוהר הוא כוח אינסופי.
 עד שהגיעה הרב השלג.
 שיש ביגיע ועלה לארץ ב1922 והתחיל לבאר את הזוהר ב1945 עד 1955 הוא קיבל רשות יש הסבר.
 איך הוא קיבל את הרשות אבל הוא קיבל רשות מהשמיים ולכן הוא ביאר את הזוהר בפעם הראשונה בהיסטוריה והפירוש הזה נקרא פירוש הסולם.
 זה הפירוש לא רק הכי פשוט והכי מונגש אלא.
 הרב השלג אומר אני קראתי לזה פירוש הסולם מכיוון שכל אדם לא משנה באיזו מדרגה רוחנית הוא נמצא אדם ברמה הרוחנית הכי נמוכה בן אדם בחושך מוחלט.
 בן אדם נמצא בחשיכה לא יודע מה מימינו ומה משמאלו הוא פותח את הזוהר הוא מתחבר.
 הוא מתחיל לראות שיפור מתחיל לראות שהמחשבות שלו להיות יותר נקיות הוא מקבל פתאום בהירות.
 הוא מקבל פתאום התעוררות של רצון חדש כי זאת בדיוק המטרה של הזוהר והמטרה של פירוש הסולם היא בעצם לאפשר לכמה שיותר אנשים לקרוא בזוהר.
 מרתק אז אנחנו תכף נגיע באמת לסיפור שלך זוהר התגלה אבל אמרת שזה ממש ממש.
 אבל אמרת שבעצם מי שכתב את הזוהר זה רבי שמעון אני חושבת שרוב האנשים כאן בארץ כשהם שומעים את המילה רבי שמעון בר יוחאי הם אוטומטית חושבים לגבו עומר.
 מאות אלפי אנשים הולכים להשתתף על הקבר שלו ועושים מדורות נכון מי מי היה רבי שמעון ואיך הוא כתב את זוהר רבי שמעון הוא גלגול של נשמה עצומה.
 מאחד מי הוא כמובן מקושר לשבתים 12 שבתים ואני לא אכנס לכל הפרטים של הגלגול של סוד הגלגולי הנשמות אבל.
 רבי שמעון הוא ממשיך דרכו של משה רבנו והוא כתב את ספר הזוהר מכיוון שהמורה שלו רבי עקיבא.
 ביקש ממנו לכתוב ספר כלי רוחני עוצמתי שיחניס רק אהבה בלב של האנשים מה הכוונה אנחנו יודעים שבתקופותו של רבי עקיבא התלמידים של רבי עקיבא היו.
 חכמים וצדיקים שהם ידעו את כל התורה על בוריה ניגש אליו רבי עקיבא ואמר לו.
 אני מבקש ממך שתיקח את כל האור של ספר הזוהר כי הזוהר התגלה כבר בעולמות העליונים זה לא משהו שאיזה סופר ישב וכתב רבי שמעון לא ישב וחשב מה לכתוב.
 הכל הגיע בצורה של רוח הקודש הוא אמר לו לך תגלה את האור של הזוהר בעולם ואני מבקש ממך שתבסס את כל הזוהר רק על כוח אחד.
 כוח של אהבה שכל מי שיקרא בזוהר תתעורר בו אנרגיה של אהבה אהבה לזולת אהבה לעצמו אז הזוהר כמובן הוא גם כלי עוצמתי של לגלות אור של אהבה.
 המילה אהבה היא שווה תרך למילה אחד אז זה לאורך גם הוא כמובן גם אחדות בין אנשים ולאורך כמובן.
 את אותו כוח של הבורא שקיים בתוך ספר הזוהר כי הבורא הוא גם אחד אין פירוד במציאות הרוחנית הפירות נמצא רק בעולם שלנו.
 אז אז זה רבי שמעון בר יוחאי והוא ממשיך דרכו של של של של משה אבל המורה של רבי שמעון זה רבי עקיבא.
 לרבי עקיבא מתו 24 אלף תלמידים ולכן רבי שמעון ידע שעכשיו השליחות שלו.
 זה להיכנס למערה למערת הידרה ולגלות את האור של הזוהר אז מערת הידרה אם אני לא טועה נמצאת במירון קרוב למירון וזאת הסיבה בעצם שאנחנו עולים לשם בלאג בומר מה בוא נדבר על אגב אומר אז מה קרה בלאג בומר מה זה ספירת האומר אבל אף אחד לא שואל רגע מה זאת ספירת האומר.
 זה שאלה שמתבקשת ולמה דווקא לאג לאג זה למד ג' שלושים ושלושה לאומר מה המיוחד.
 ביום הזה אז האומר היא היא בעצם תקופה שיום אחרי לילה סדר.
 עד לילה שבועות יש ארבעים ותשעה ימים כלומר היום החמישים זה כבר שבועות מה בעצם קרה במצרים אנחנו יודעים שיש שתי מערכות.
 רוחניות אחת נקראת מערכת הקדושה והשניה נקראת מערכת התאומה את כאן בסדר יופי מה זה בעצם אומר מערכת הקדושה זה ככל שאדם יש לו יותר רצון להשפיע ולתת ולגדול ולהשתנות ולקחת אחריות.
 ולהתגבר על היצר הרע על האגו על הכעסים כמו הוא עושה עבודה רוחנית אז יכול לעלות במדרגות עד שהוא מגיע למדרגה החמישים שזה בעצם מדרגה שנקראת בינה.
 לעומת המדרגה הזאת לומד המציאות יש את המציאות של של החושך שזה נקרא חמישים ארבעים ותשע וחמישים מדרגות של תאומה תאומה במה מילה תאום.
 התנהגות שלי עותמת את האור לא יכול להיכנס זה לא שבוע אומר אני אניש את הבן אדם הזה אני אראה לו מה זה זה בכלל לא קיים הבורא הוא טוב ומטיב.
 הבורא לעולם לא יעניש אף אדם כל דבר כביכול רע שקורה לנו זה רק תוצאה סיבה זה תוצאה של של התנהגות מסמת של מודעות חסימה שאני יצרתי רעת אני עוצר את החסימות.
 יש חוק רוחני שאומר אף אדם לא יכול לחסום אותך כלום אם אתה אם אתה מחזק את העיבור שלך לאור דרך התנהגות דרך נתינה דרך דרך זה שאתה בעצם מתעלה.
 מעל מעלה מעל ההתנהגות האנוכית שלך.
 אתה כבר אתה כבר יוצר פתח לאור של הבורא לא צריך להיות איזה צדיק או זה גאון או איזה שהוא.
 דתי ולא אדם שיש לו לב שבא ממקום של לב שבא ממקום של נתינה שבא ממקום של להשפיע ולתת ערך לאחרים הוא כבר במדרגה רוחנית מאוד גבוהה.
 אוקיי אז הוא עולה במדרגות עכשיו מה שקרה זה שבמצרים בני ישראל ירדו למדרגה 49 של התומעה.
 נכון דיברנו על זה בפסח מכיוון שהמצרים בדיוק דיברנו על זה בפודקאסט של פסח המצרים היו ידועים כאנשים מאוד אנוכיים האל של המצרים היה נקרא רע.
 ראש עין שזה רשת איבות הרצון עצמי כמה שיותר אגו כמה שיותר אנוכיות ואז הבורא הרים את בני ישראל מהמדרגה 49 של התומעה.
 למדרגה הראשונה של הגדושה זה יציאת מצרים ואנחנו יודעים שיש חוק רוחני שגם מי שלא לומד קבלה יודע אותו שאי אפשר לקבל.
 ערך רוחני אפשר לקבל משהו אמיתי בחיים מבלי להרוויח אותו.
 ראית פעם שמישהו מישהו שומר לך שמי יש לי זוגיות מדהימה אבל הוא לא הוא לא משקיע בזוגיות ראית פעם מישהו שאומר לך כי אני בכלל יש לי כבר תואר שני והוא לא השקיע בלימודים.
 ראית פעם שאומר לך שמישהו שאומר לך שמי העסק שלי מה זה מצליח והוא לא משקיע בחוף הים כל היום הוא שותף בירות בחוף הים.
 כל דבר צריך מאמץ נכון ראית פעם שאומר אני בקושר גופנים מדהים אני כל היום אוכל רק ואני הולך ויושב בשמש.
 אבל הוא בן 10.
 אבל אבל נכון אנחנו יודעים שכדי לקבל משהו שהוא באמת טוב בחיים צריך להרוויח אותו אז גם בבית הרוחני כל שכן.
 צריך להרוויח אז בני ישראל עכשיו קיבלו מתנה העלו אותם הבורא אלה אותם.
 מהמדרגה 49.
 עד למדרגה הראשונה של הקדושה ולכן עכשיו אנחנו כדי להרוויח את האור הזה כמו שלא יהיה לנו מתנת כאילו קיבלנו מתנה ושלא הרווחנו אותה כן אז אנחנו סופרים את ספרת האומר.
 ספרת האומר זאת התקופה הכי יפה בשנה להשתנות לגדול לשחרר חסימות לעורר שמחת חיים לעורר מוטיבציה חדשה רצון חדש.
 וואו אז היום השלושים ושלושה לא אומר זה כבר סיפור אחר אם את רוצה שאני כמובן אסביר לדבר גם על זה אז כן אני רוצה שאנחנו נדבר על זה אנחנו נסגור רגע את הסיפור של רבי שמעון ואז ניכנס לספירת האומר כי אני מה שאני יודעת על ספירת האומר זה שזה תקופה מסוכנת שעשו לחתום בעל חוזים שעשו בה להתחתן זה כאילו תקופה של אבל ממה שאני יודעת אבל אתה מתאר אותה קצת אחרת.
 בהחלט כן כן אנחנו יודעים בחוכמת הקבלה שאנחנו לא חוגגים שום תקופה.
 בגלל מה שקרה לפני אלפי שנים נכון לילה סדר אמרנו זה אור של חירות שמתגלה באותו לילה זה לא מקושר כן אולי זה קרה בלי לזכור את מה שקרה זה בשביל להתחבר למה שמעניין מה שקרה לפני אלפי שנים האם באמת מעניין אותך מה שקרה לפני שנה.
 איזה שהוא סוג של איזה שם אבל את לא יושבת עכשיו חושבת בואנה לפני חמש שנים וואו הייתי ככה והייתי ככה לא זה מטיש זה משעמם כאילו היום נכון היום מה קורה איתי היום לאן אני מה אני עושה היום כדי ליצור מציאות חדשה וטובה.
 אז.
 ספירת האומר זה לא תקופה של אבל פשוט מה שקורה זה שכתוב בזוהר אגב.
 49 הימים הללו הבורא כביכול הכל זה כביכול מספיר את השכינה השכינה היא בעצם כוח רוחני אנרגיה רוחנית שמפרידה בינינו לבין העולם הרוחני.
 כלומר שאם אדם פועל בצורה שלילית בן אדם פוגע במישהו אז יש עדיין זמן להשתנות.
 בספירת האומר מספירים את השכינה שהיא כביכול נותנת לנו יותר זמן להשתנות ויש פחות זמן להשתנות כלומר.
 סיבה ותוצאה סיבה ותוצאה סיבה ותוצאה אז יש לחץ מה קורה כשהתוצאה מגיעה מהר יותר יותר וגם אם יש עכשיו פרוג'קטור של אלף וואט.
 ומיירים את זה על העיניים של בן אדם הוא לא יכול לסבול את זה מייד סוגר את העינים לא יכול לראות אבל אם שמים כיסויים כיסוי כיסוי.
 אז לאדם יכול לסבול את האור אם יש לו כיסוי מסוים שמסנן את עצמת האנרגיה שמגיעה מלוא אותו אז מה שקורה בספרת האומר איך כאילו יכול לזה עצידה ועכשיו אנחנו חשופים.
 ישירות לאור.
 אז יש מצד אחד יותר כעסים, יותר עצבים, תראה אנשים עצבניים.
 זה יותר קשה, אבל זה יושב אור.
 אבל יותר, אם אני עושה עבודה רוחנית בתקופה הזאת, אוקיי?
 לדוגמה, ראיתי, לא מזמן הייתי והלכתי לקנות משהו,
 ראיתי בן אדם כועס על אישה מבוגרת, על כלום, באמת על כלום.
 זה גם יכול לקרות לי, זה לא שעכשיו אני מסתכל,
 או תראו איך האנשים האלה מתנהגים,
 זה יכול לקרות לכל אחד ואחת מאיתנו, אם אנחנו לא מודעים.
 כי מישהו אמר משהו, מספיק שמישהו חתך אותי בכביש,
 אני כבר כועס, אני כבר מתנהג בצורה מאוד מאוד תגובתית.
 מספיק שמישהו אמר משהו שזה לא באמת,
 וזה לא בדיוק מתאים למה שרציתי לשמוע, זה כבר מעצבן אותי.
 אז אנחנו מתעצבנים וכועסים ומתנהגים בצורה אנוכית.
 וגם יש לנו נטייה יותר להתפרץ יותר מהר, התפרצויות.
 ואפשר אחרי זה להצביק את ההתפרצויות.
 כן, היא אמרה לי, מה? אתה ראית מה היא אמרה?
 מי חושבת את עצמה שהיא תדבר עליה?
 נכון, אתה צודק.
 אבל ברמה הרוחנית, כשאתה הולך לישון היום בלילה,
 הנשמה שלך יודעת שבזבוז של אנרגיה, בזבוז של יום,
 ודווקא בספירת האומר, יש לך הזדמנות להתעלות.
 אז בגלל זה היא נחשבת למסוכנת.
 מסוכנת כביכול, אבל כלומר, השכינה כביכול זזה הצידה,
 אז יש יותר אור, וכשיש יותר אור, זה יכול להיות טוב, זה יכול להיות מדהים,
 זה יכול להיות גרוע, כן? השאלה מה אתה עושה עם זה?
 אז לכן יש מנהגים לא להתחתן וכולי וכולי.
 לא להתחתן זה נכון, כי זו תקופה כביכול גירעון של אור,
 כאילו אני לא יכול להכין כרגע את האור, וחתונה זה אור עצום.
 אני לא יכול להכין את האור הזה כרגע, אני מחכה שהתקופה יהיה יותר מאוזנת,
 כי חתונה זה פיצוץ של אור, זה חיבור בין שתי נשמות,
 ואיזה אור מתגלה ביום הזה, נכון?
 נכון.
 אז לא מתחתנים הסיבה הזאתי שאני לא רוצה להתחתן בתקופה שלא כל כך מאוזנת אז אני אגלה לך ולצופים שאני התחתנתי בלאג בעומר ושזה באמת היום היחיד בעצם שנאמר לנו שמותר להתחתן בו.
 לא רק שמותר כדאי להתחתן בלאג בעומר זה יום עצום אז מה קרה בלאג בעומר כן אז איך זה קשור לרבי שמעון וואו בקצרה רבי שמעון ראה שהיא כל כך קשה לאנשים להשתנות.
 כל כך קשה לאנשים לגלות את הפוטנציאל הבלתי מוגבל שלהם כי יש כל כך הרבה.
 תסימות ויש את המלאך השלילי שמקטין אותנו וגורם לנו לחשוב שאנחנו לא ראויים אז רבי שמעון החליט לעזוב את העולם.
 ביום שבו כל האור שזה מה שנקרא השלמות של כל הנשמות מתגלה ביום הזה הוא החליט לעזוב את העולם ביום הזה בלאג בעומר למה לאג זה כאילו גל מלשון של גילוי.
 אז הגילוי של השלמות של כל הנשמות מתגלה ביום הזה וכשצדיק כמו רבי שמעון עוזב את העולם אז כל האור שהוא גילה בכל ימיו.
 מתגלה בבת אחת ואז אנחנו יכולים בעצם דרך ההילולה לא קוראים לזה יום של עבלות כן זה יום של שמחה תמיד הייתי כי כשאתה הולך להילולה של צדיק זה בעצם מסיבה זה שמחה.
 אוכלים מתפללים עושים איזשהו אירוע כזה אתה הולך לאבל של בן אדם זה קצת עצוב למה למה בעצם שצדיק עוזב את העולם הזה היא ביום הזה מתגלה אור עצום בכל העולמות.
 זאת הסיבה שמתגלה אור אנחנו שמחים מה זה אור שפע ברכות אתה יכול לקבל ביורות ביום הזה אתה יכול לקבל אנרגיה של ריפוי.
 משהו שקשה לך לרפא בעיה רפואית בעיה נפשית בעיה של אתה יכול להשתנות ביום הזה אז זה מה שרבי שמעון עשה עכשיו בהיבט של הספירות שוב פעם אנחנו פונים פה לצופים ולקהלים חדשים.
 אני לא רוצה להרחיב בנושא אבל רק להגיד שביום הזה יש מה שנקרא מלכות של מלכות בעולמות העליונים.
 אנחנו בספירה של עוד של עוד לגבי עומר תמיד יוצא ספירת יש הרי שפיבה שבועות נכון בכל שבוע מייצג ספירה.
 שבע שבועות בעומר שבע שבועות זה 49 בדיוק שבע שבועות למה כי יש את שבע ספירות שמצגות איך האור של הבורא.
 כן נכנס לעולם שלנו זה שאת הספירה ראשונה חצד גבורה הפארת נצח עוד יסוד מלכות והשבוע החמישי זה השבוע של עגבה עומר.
 והיום ה-33 זה עוד של עוד ביום הזה השלמות הרוחנית שלך שלך ושל כל אחת ואחת מאיתנו מתגלה.
 אוקיי אתה יודע שאתה מגיע למקום לאפילו לאיזשהו ריטריט שאתה בא יהיה ומוטש מהיום יום שלך ומהחיים ואתה אתה בנמצא בזוגיות שקצת אתה לא מבין למה דברים קורים ודברים חסומים,
 אתה נכנס לאיזשהו ריטריט של סוף שבוע חמישי שישי שבת נניח אתה יוצא אדם חדש למה קיבלת הערה קיבלת אנרגיה.
 אז.
 בלאגבה עומר זה פי כמה וכמה וכמה וכמה שאנחנו מקבלים תוספת של אור תוספת של של של גדושה תוספת של חיבור למי שאני הבנתי זה בדיוק היום הזה ולכן זה חג בין החגים הכי גדולים בשנה.
 ומה מה המשמעות של מדורות למה עושים מדורות בלאגבה עומר.
 האמת שלא צריך לעשות מדורות זה מהם איך אומרים מסורת פעם היו נורא חבל שהפסיקו עם זה דרך אגב אני מאוד מתבלספת שהילדים שלי לא חווית להגבור עומר כמו שאנחנו חווינו תראי מסורת זה דבר שהוא די גבולי.
 מסורת יכול להיות את הדעת שפעם המורה של הרב ברק סיפר את הסיפור על אותו רב אותו צדיק רב שהיו לו המון תלמידים שיום אחד הוא יצא מעמיק והוא גזר את הציפורניים.
 אז הוא מגיע שבוח שבת כאילו בשבת של אחרי להמיק וברואי פתאום את כל התלמידים שלו.
 גוזרים ציפורניים אז הוא שאל אותם מה מה מה אתם עושים את זה.
 אמרו הרב ראינו שאתה גוזר כנראה שזה סגולה מאוד מיוחדת.
 לגזור ציפורניים אחרי המיקום אמר לא אין שום סגולה פשוט הציפורניים של יותר רכות מהמים החמים אז גזרתי ציפורניים בזמן שהציפורניים שלי רכות.
 זה נראה כאילו בדיחה אבל יש הרבה דברים שקורים כתוצאה מזה שמישהו ראה משהו התלמידים ראו משהו והבינו שכך צריך לעשות אז הייתה מסורת של מדורות.
 כדי להעביר מידע מצויים אבל עיקר מדורות זה בסדר אני גם הייתי רגיל לשים את התפוחי אדמה במגורות עם החברים שלי אגב גם היינו גונבים קרשים.
 זה פשוט תקופה של גניבה של של קרשים כל אחד גונב כולם גונבים מכולם אתה בא אתה רואה חסרים לחסר לי קרשים היא הקבוצה השנייה של הבית הספר הזה בא וגנבה לנו בלילה שומרים על זה סוגרים את זה באיזשהו מקום אבל בכל מקרה.
 זה כיף להגיד מדורות זה כיף לשים את התפוחי אדמה זה כיף לעשות את כל המנהגים אבל אבל אבל העיקר זה להתחבר לאור.
 של הזוהר לאור של רבי שמעון בלגבה אומר אז מה באמת אנחנו צריכים לעשות בתקופה הזאת שלא אומר אמרנו מה לא נוהגים לעשות אבל מה כן עושים בתקופה שאני הייתי ממלא וואו זה שאלה מצוינת.
 אני הייתי ממליץ להסתכל אפילו על פעם אחת ביום להגיד וואו.
 פה יכולתי להגיד את הדברים אחרת פה יכולתי להיות יותר עדין פה יכולתי להיות יותר רגיש.
 יכולתי לדבר עם פחות אגו רק אפילו מחשבה אחת ואני אפילו כותב את זה ואז אני יכול לנהל אפילו איזה שהוא סוג של יומן שלה שלה אומר כי כל שבוע.
 יש לו עבודה מאוד מאוד ייחודית כן השבוע הראשון זה לעבוד על מודעות של חסד של נתינה השבוע שני גבורה של דינים כן לחזק את הרצון שלי.
 יש הרבה דברים שאנחנו עושים ולא מסיימים מתחילים ולא מסיימים אין רצון הרצון הוא חלש יש הרבה אנשים שאין להם מוטיבציה שאין להם כוח.
 כמעט מרגישים די אני עייף אני עייף אין לי כוח זה לא שאין לך כוח זה מבחינה רוחנית אתה מרגיש.
 יש לך חוסר של אנרגיה לא חוסר של כוח פיזי נכון אז אפשר לחזק את זה בספר אתה אומר כל שבוע לבקש אני מציע שכל מי שצופה בנו שיצור קשר.
 אפשר לראות את זה גם באתר שלנו אפשר ליצור קשר עם אחד מהמורים שלנו אפשר לראות את זה באתר אפשר לקרוא לזה ואפשר אפילו לבקש.
 2-3 חברים בוא נפגש לקפה פעם בשבוע ונעבור על כל אחד מה הוא רוצה לשנות בעצמו או שכל אחד יגיד לשני מה הוא צריך להשתנות.
 זה לא צריך שום פעם זה כל כך פשוט לא צריך להיות עכשיו איזה שהוא אדם שלומד ומשקיע נכון צריך ללמוד וצריך להתפתח.
 אבל מי שכרגע נמצא במצב שיש לו יש לו רק חתיכת נייר ודף אתה יכול להגיד ואני ממש רוצה להשתנות בתקופה הזאת.
 אוקיי תסיים את הסיפור של איך ספר הזור התגלה אני באמת אך.
 סיפרת שרבי שמעון כתב אותו במערב אז הוא היה מוכבא בעצם במשך איזה אלף שנה.
 כן ואז הוא הגיע לספרד והיה שם איזה שהוא מקובל בשם רבי משה דליון שהוא היו את זה אליו כי הוא היה מקובל מאוד ידוע בספרד.
 ואז הייתה איזה שהיא מחשבה שרבי משה דליון כתב את ספר הזור אבל המקובלים בכל הדורות כולל האריה הקדוש כולל הרב השלג.
 הם ידעו זה רק רבי שמעון בר יוחאי כתב את הזור הוא היה בכיסוי כל דבר שנמצא בכיסוי זה אומר זה לא הגיע הזמן שלא להתגלות כי.
 הוא לא מתגלה בגלל שאין מוכנות וכשהזור התגלה זה באלף מאתיים שבעים בערך אז הוא בעצם התחיל לעבור ממקובל למקובלים עם הורים לתלמידים שלהם.
 עד שהגיעה רבי אברהם עזולאי מקובל עצום ממרוקו מקובל מגדולי מקובלים מרוקו אבל הוא גם מגדולי המקובלים בעולם והוא כתב.
 לא רק שלא רק שהגיע הזמן שמותר לקרוא בזוהר לכולם אלא מעכשיו ועלה.
 לא יהיה אפשר בכלל להשתנות לא יהיה בכלל אפשר להיות אדם רוחני בלי להשתמש בכוח של הזוהר זה הוא כתב את זה ופיץ את זה ואז נכון נפתחו השארים אבל השארים הכי גדולים נפתחו בתקופה שאמורים שלי ערב וקרן.
 פתחו את השארים של חוכמות הקבלה לעולם על ידי הפצת חוכמות הקבלה בערבים זוכר שהמורה שלי ערב ברגע מלמד במשך.
 5 שנים בערך ב-4 בבוקר שלוש וחצי בבוקר את תלמוד עשרה ספרות וגם כמובן גם עם הזוהר לקבוצה של תדעת כמה תלמידים הגיעו כמה.
 4-5 אנשים כולם נרדמו את מבינה זאת אומרת הרב היה מדבר לאנשים שהם ישנים גם אין אנשים יש 4-5 הם גם ישנים לך מול הפרצוף.
 ותמיד שאלו את הרב למה למה להשקיע למה צריך לקום כל בוקר ולהתאמץ.
 וללמד בשעה כזו מוקדמת אין אנשים וגם אנשים נרדמים לך בפנים הרב אמר אני לא מלמד את 4-5 אני כן אבל אני מכוון שכל העולם.
 מתחבר עכשיו לחוכמות הקבלה וזה מה שקרה אז אנחנו נסיים ונגיד באמת שמי שרוצה לקרוא בזוהר מי שרוצה להשיג את ספר הזוהר אליו הביתה אז אפשר להשיג אותו בחנות של המרכז לקבלה.
 ובשבוע שעבר דיברנו על הכוח של האותיות העבריות ששם בעצם אנחנו מסבירים איך אפשר.
 בלי להבין את מה שכתוב בזוהר בעצם להתחבר לכוח הזה ולהעלות את הלחזק את הכוח של הנשמה שלנו גם לזה אני אני רק רוצה לסיים במשפט אחת קצר זה שכשקוראים בזוהר כשאני קורא בזוהר אני לא מדבר על מה קורה שקוראים אני מדבר על עצמי.
 שאני קורא בזוהר ואני משקיע בזה את המשקיע בזה זמן זה יכול להיות 10 דקות זה יכול להיות חצי שעה.
 מיד המציאות של משתנה דברים שהיו יכולו להיות טובים הופכים להיות מדהימים.
 ודברים שיכלו להיות איזה שהיא יכולה להפוך להיות קושי ביום זה מתבטל אני מרגיש פתאום בירות אני מרגיש פתאום יותר שמחת חיים.
 אני מרגיש פתאום יותר התרורות של רצון מדוע מכיוון שהרצון האינסופי.
 של הנשמה שלנו של הפנימיות שלנו הוא נמצא בתוכנו רק הוא בקיסוי ועזור מיד מפרק את הכיסויים הללו יש לו כוח לזוהר לפוצץ קליפות.
 להסיר מסכים אז מישהו קורא בזוהר אפילו בלי להבין בלי להבין אפילו הוא מיד מרגיש בהבדל מיד מרגיש בשינוי במין התרוממות של אנרגיה תרומות של מודעות וזה משנה את כל המציאות הטובה.
 באמת.
 מאמן בפרק הבא אנחנו נמשיך לדבר על ספר הזוהר אבל יותר על הסודות שיש בתוך ספר הזוהר אנחנו נגלה ככה כמה סיפורים וכמה דברים.
 מטורפים שספר הזוהר כותב אני מחכה לפרק הבא כבר.",,,checked,1188750096,https://drive.google.com/uc?export=download&id=1_DCu-K5dftl9jbvTtHsfv39dpJZqUGwH,https://youtu.be/HJqXBCczlJQ?si=cdQbILM7arYIH3Q6,checked,https://drive.google.com/uc?id=14cs-3UGm766-qcq4x8YDuRblJxYJqMW_&export=download ,https://open.spotify.com/episode/5fBzbi8YXH1iG2vgHybJYV,,,
3,פרק 3: כוחן של האותיות העבריות והסוד של 72 השמות של הבורא,כוחן של האותיות העבריות והסוד של 72 השמות של הבורא,"בפרק הזה אנחנו צוללים לעולם מרתק ומסתורי — כוחן של האותיות העבריות והשפעתן על המציאות שלנו:
* האם האותיות העבריות הן הרבה מעבר לשפה - סוג של “קוד מקור” של העולם?
 * איך 22 אותיות יכולות לברוא מציאות?
* רעיון מטורף: האותיות קדמו לעולם ורק אחר כך הגיעו המילים והחומר
* למה דווקא עברית? האם יש כח גם לשפות אחרות?
* האם אפשר להשתמש בכוח של האותיות בחיים האישיים שלנו?
* ניסויים ומחקרים: האם מילים באמת יכולות להשפיע על חומר?
* מה מסתתר בתוך “שירת הים”?
* מה הכח של ה “72 השמות” ואיך משתמשים בהם?
* האם יש צירוף אחד שמתאים לכולם או שכל אחד צריך למצוא את שלו (ואיך מוצאים אותו)
",https://vimeo.com/1182346632/671ec5b70f?share=copy&fl=sv&fe=ci,https://vimeo.com/user/19743394/folder/28989557?isPrivate=false,2Y2vXY5LFG3G2I87Mb3L2S,37:21,2026-04-19,5/19/2026 09:46,recNSxBa8QVaMTvwp,,,,,2026-4-19,,recNSxBa8QVaMTvwp,,,,checked,1182346632,https://drive.google.com/uc?export=download&id=1CvfQ1ycodhBH6O7oxQmYZV6PfrKhnknH,https://youtu.be/nRur8AQKHCw?si=99TBVPi2RlGedd7-,,,https://open.spotify.com/episode/2Y2vXY5LFG3G2I87Mb3L2S,,,
2,פרק 2: הסודות של ליל הסדר,הסודות של ליל הסדר,"כולנו מכירים את ליל הסדר.
הקערה, ההגדה, השירים, הילדים שמחפשים את האפיקומן…

אבל מה אם כל פרט בערב הזה הוא קוד?
מה אם מאחורי הארוחה המשפחתית מסתתר תהליך רוחני מדויק שנועד לשנות אותנו מבפנים?

בפרק הזה נצלול אל הסודות שמסתתרים בליל הסדר – הרבה מעבר לארוחה משפחתית.
נבין את המשמעות של קערת הסדר, 15 השלבים, האפיקומן, 4 הקושיות ו-4 כוסות היין, ואפילו נגלה את הסוד שמאחורי “חד גדיא”.
וגם: למה הלילה השביעי של פסח נחשב לעוצמתי אפילו יותר מליל הסדר – ואיך כל זה יכול לקחת אותנו מתודעה של קטנות לגדלות.
",https://vimeo.com/1175892279/f9a37e398b,,5cxoWOTgOpjZ8ySbMDr0cu,35:51,2026-03-29,3/29/2026 16:02,reccT147DLgB0do1c,,,,,2026-3-29,,reccT147DLgB0do1c," בלילה הזה מתבטא למוות.
 ממש מנקים את כל סוגי המוות על ידי אכילת המרור עם מודעות.
 אז לא לקחת טיפה מרור ולהתחמק מזה,
 אבל לקחת כמה שאנחנו יכולים.
 ממליץ, ממליץ, כן.
 ואז גם אתה אומר ללעוס אותו עד שהוא הופך מתוק?
 כן, ממליץ לקחת מרור מאוד מר.
 בין אם גדלתם בבית חילוני, מסורתי או דתי,
 יש דברים שכנראה אף פעם לא הסבירו לכם,
 או שהסבירו לכם בצורה פשטנית ולא תמיד הגיונית.
 אולי אמרו לכם שהאמונה היא מעל ההיגיון,
 שצריך קודם כל לעשות ורק אחר כך לשאול,
 ושיש דברים שרק מי שברא את העולם הזה יודע.
 בפודקאסט הזה אנחנו מעודדים אתכם לשאול את כל השאלות,
 ואנחנו נביא לכם את התשובות הכי עמוקות ונסתרות שיש לחוכמת הקבלה להציע.
 היי, אני עדה סמואלי רביבו,
 וביחד עם אבנר מדר, מבחירי המורים לקבלה בעולם,
 אנחנו מתרגשים להגיש לכם את פודקאסט המקובלים,
 ולהביא לכם את חוכמת הקבלה כמו שאף פעם לא שמעתם.
 אז אנחנו מתחילים מהסמל של פסח אולי,
 שזאת קערת הסדר,
 יש לנו כל לשנה אימא שלי מסדרת במרכז השולחן,
 קערה עם כל הסימנים,
 ואנחנו מאוד אוהבים אותם,
 במיוחד את החרוסת,
 שהיא מתוקה וטעימה,
 לעומת המרור שהוא כל כך כל כך מרור.
 אז בוא נעבור.
 אז נבין שאמרנו בפרק הקודם,
 שכל סוג של מאכל,
 במיוחד שמקושר עם קערת הפסח,
 הוא בעצם מושך אנרגיה כל כך מיוחדת,
 אור מיוחד, כי אמרנו,
 האור של הבורא שהוא אינסופי,
 נכנס לתוך איזשהו כלי.
 במקרה הזה זה סוגים שונים של מאכלים,
 שאנחנו אוכלים והקערה בעצמה.
 אז מה יש בתוך הקערה?
 הקערה כוללת בתוכה בעצם,
 כמה פריטים מאוד מאוד חשובים.
 יש לנו קודם כל את שלושת המצות,
 בעצם היא כוללת עשר פריטים,
 עשרה פריטים,
 כדי להוריד את האור של הבורא,
 דרך עשר הספירות.
 אז אנחנו מתחילים משלושת המצות.
 למה שלוש מצות ולא ארבע ולא שניים?
 מכיוון שהמספר שלוש מייצג איזון,
 בין קו ימין, חסד,
 קו שמאל גבורה,
 וקו אמצע, תפארת,
 מייצג את היכולת שלנו,
 להיות באיזון רוחני,
 איזון רגשי,
 על ידי הפעלה של כוח התנגדות.
 אז מה זה בעצם אומר?
 יש שלוש מצות,
 שבעל אותו בן אדם שמנהיג את הסדר,
 הוא אומר, זאת המצה הראשונה,
 חסד, בזכות אברם אבינו,
 המצה השנייה, גבורה,
 בזכות יצחק אבינו,
 המצה השלישית, תפארת, בזכות יעקב אבינו,
 ואלו המצות.
 לאחר מכן יש את ספירת חסד,
 זה הזרוע,
 ספירת גבורה זה הבצע,
 ספירת תפארת זה המרור,
 ספירת נצח זה החרוסת,
 עוד זה הקרפס,
 יסוד חזרת,
 והכארה בעצמה היא בעצם מלכות.
 אז יש לנו
 קטר חוכמה ובינה,
 חסד, גבורה,
 תפארת, נצח, עוד, יסוד,
 ומלכות זאת הכארה עצמה.
 אז אני אסביר כמובן...
 ומי שמכיר גם איך שעת החיים נראה,
 נכון, תעשו אחר כך גוגל ותוכלו לראות את הצורה שלו,
 זה גם קצת מזכיר את הצורה
 שבה הדברים מסודרים על הכארה, נכון?
 לגמרי, לגמרי, כן.
 זה מסודר לפי הספירות.
 אז בוא נתחיל.
 על המצאה דיברנו ואני ארחיב בהמשך,
 כי המצאה בעצם מנקה,
 היא מרפאת,
 היא מנקה את הרצון לקבל לעצמו,
 היא מנקה את האגו שהוא השורש,
 לכל התחלואים, אנחנו רוצים ללכות את האגו.
 נכון, אמרנו בפרק הקודם שהיא לא תופחת,
 ולכן אין לה רצון לקבל,
 וזה בעצם האנרגיה שאנחנו מקבלים כשאנחנו אוכלים אותה.
 בדיוק, היא מייצגת את המודעות התאורה של הנשמה שלנו,
 שרוצה לקבל על מנת להשפיע.
 הדבר הבא זה זרוע חסד,
 להורר מודעות של נתינה.
 עכשיו, נתינה,
 זה דבר מאוד מתאה,
 כי אדם יכול להיות אדם טוב כל חייו,
 אבל הוא לא באמת שינה שום דבר,
 לא עשה שום דבר, אוקיי?
 המורה של המורה שלי, הרב ונדווין,
 המורה של המורה שלי הרב ורג,
 לימד שאם יש אדם
 שברגע שהוא עוזב את העולם,
 והמלאכים שואלים אותו, תגיד, מה עשית בעולם הזה?
 הוא אומר, וואו, אל תשאלו,
 כולם אהבו אותי.
 אז מעט שהולכים לו כרטיס ישיר לגיהנום,
 כי הוא אומר, אם כולם אהבו אותך,
 סימן שלא פעלת כלום.
 ככה הרב ונדווין היה נוהג לומר.
 לא שינית כלום.
 לא שינית כלום, כלומר, להיות אדם טוב,
 זה לא המטרה.
 באנו לפה להשתנות, באנו לפה כדי לגדול,
 באנו לפה כדי לגלות את הייעוד שלנו,
 את הפוטנציאל הבלתי מוגבל.
 אז מי שבנתינה כל הזמן וזה קלו,
 יפה, אז צריך לדעת מה לעשות של הנתינה.
 הנתינה היא מודעות של באמת אני רוצה לגדול דרך הנתינה,
 שיש הזדמנויות לצאת מהנוח,
 אז אני יוצא כדי לגלות את האור של הנשמה שלי,
 לא כדי להיות אדם טוב,
 לא כדי לקבל כבוד או הערכה,
 שזה ההפך מקטין את גילוי האור בדרך כלל.
 או להפך, לרצות, נתינה מרצה.
 יש כל כך הרבה סוגים, אנחנו לא ניכנס לזה הערב,
 אבל אנחנו כן מבינים שנתינה אמיתית מתעוררת בליל הסדר דרך הזרועה.
 לאחר מכן יש בצה.
 בצה מייצגת את ספירת גבורה,
 והמילה בצה בערמית אומרים ביעה.
 ביעה בערמית זה רצון.
 מה שמיוחד בבצה,
 זה שכל סוגי האוכל שאנחנו מבשלים אותם,
 הולכים ונעשים רקים.
 יותר ויותר ככל שמבשלים אותם יותר.
 לעומת הבצה שככל שהיא מתבשלת יותר,
 היא נעשית יותר ויותר קשה.
 והתהליך הזה שהבצה הופכת להיות קשה וקשה,
 היא מייצגת את הרצון לקבל,
 להיות כשעורף,
 להיות עם רצון לקבל שהוא לאו דווקא מקושר לנשמה.
 כשאנחנו בעצם מתחברים לבצה בליל הסדר,
 אנחנו מתחברים לרצון האמיתי של הנשמה שלנו.
 ואנחנו שוברים את האגו, שוברים את קליפת האגו.
 בסדר?
 אחר כך מרור זה בעצם הכוכב, הוא הכוכב של ליל הסדר,
 למי שמבין.
 כי המרור הוא צריך להיות באמת באמת מר,
 מגרדים אותו ממש כמה דקות לפני ליל הסדר,
 כדי שיהיה טרי ומר.
 והאריה הקדוש פה מלמד.
 הוא גם חריף נורא.
 הוא מאוד מאוד חריף.
 צריך לקנות כמה שיותר חריף, ותכף אני אגיד למה.
 האריה הקדוש מסביר שהמילה מרור,
 שוות ערך למילה מווד.
 446.
 הערך המספרי של המילה מרור.
 והאריה הקדוש כותב שהטעם של המרור,
 הוא כביכול מזכיר לנו את טעם המוות,
 שהוא טעם מר, מר, מר.
 וכן צריך לאכול כמות נדיבה של מרור,
 אבל מר באמת.
 ודרך הלעיסה שלו,
 הוא הופך להיות מתוק.
 אז פה בתהליך הזה אנחנו לא רק ממתיקים,
 את הדינים בחיים שלנו,
 אלא גם אנחנו מסלקים כל סוג של מווד.
 ומווד לאו דווקא מווד פיזי,
 יכול להיות מווד של אדם כבר אין רצון.
 יכול להיות מווד שבזוגיות אין כבר התלהבות.
 יכול להיות מווד שהבן אדם כבר לא מאמין יותר בעצמו.
 יכול להיות מווד באיזשהו סוג של בעיה בריאותית כזאת או אחרת.
 יכול להיות מווד בזה שאדם אין לו שמחת חיים,
 זה גם סוג של מווד.
 יש הרבה הרבה היבטים של המווד,
 עד שבסוף יש את המווד הפיזי,
 אבל בלילה הזה מתבטא למווד.
 ממש מנקים את כל סוגי המוות על ידי אכילת המרור עם מודעות.
 לא לקחת טיפה מרור ולהתחמק מזה לקחת כמה שאנחנו יכולים ממליץ כן אז גם אתה אומר לי לעוס אותו עד שהוא הופך מתוק ממליץ לקחת מרור מאוד מר כי שוב פעם מה עניין זה כמו שאת יודעת.
 כדי לנקות ערס כדי לנטרל ערס של נחש לוקחים טיפה מהערס ונותנים את זה לאותו אדם כדי לבטל את הערס אז המרור.
 יש לו כביכול טעם של מוות אבל הוא מבטל את המוות אז כדאי לקחת כמות נדיבה ולאכול ואם יוצאות דמעות ויש תחושה לא נעימה בסדר זה שורף עכשיו במשך כל השנה נקית את כל השנה שלך לא שווה.
 מה לשווה מאוד אוקיי אחרות זה בעצם שילוב של שתי עוד שתי מילים חס רות אוקיי מדבר בעצם על רות המעובייה חס זה בערמית רעים רות.
 רות המעובייה רות המעובייה גדלה בסביבה כל כך שלילית.
 כן של בני מועב אבל היא הפכה להיות הסבתא רבה של דוד המלך נכון כי מיפה יצא דוד מירות איך זה קרה.
 התמדה של רות היא הבינה שהיא חייבת לגדול היא לא חשבה בצורה של קורבן.
 שאני גדלתי למשפחה לא טובה ואיזה ייאוש זה לא לא משנה מה התנאים שאיתם אתה מגיע לחיים לא משנה כמה קושי עברת.
 יש לך את האפשרות לגלות את הפוטנציאל הבלתי מוגבל שלך.
 הוא נצחי הוא מחכה שהוא יתגלות ההפך ככל שהולך יותר קשיים ויותר חושך בחיים זה מראה איזה איזה גדולה יש לנשמה שלך אז חסרות זה להתחבר למודעות שלא משנה כמה קשה לא משנה כמה עברתי.
 אני עדיין מעורר רצון אמיתי לגלות את הפוטנציאל הבלתי מוגבל שלי השנה השנה לא בעוד.
 לא בעתיד אלה השנה ממש השנה הזאת לאחר מכן יש את הקרפס כן שזה בעצם פטרוזיליה שטובלים אותה במי מלח.
 מלח מייצג את קו ימין כן יש לנו בעצם חיבור של הפטרוזיליה עם המים עם מי המלח וכל התהליך הזה שאוכלים טיפה פטרוזיליה.
 אימי מלח זה להמתיק דינים דין זה יכול להיות דוח.
 שבן אדם מקבל בקרחנה באיזשהו מקום דין זה יכול להיות עובדן כספי חס ושלום דין זה יכול להיות בעיה בריאותית כזאת או אחרת חס ושלום שאני בריאים כולנו ושתהיה לנו שנה מלאה באמת רק באור וברכות.
 אבל כדי לסלק את הדינים שמי יודע אולי נשארו אחרי ראש השנה אז אנחנו טובלים את הקרפס את הפטרוזיליה במי מלח.
 ואומרים את הברכה מכוונים להמתיק את כל הדינים בכל השנה חזרת זה בעצם חסה.
 חסה זה בא מה גם שוב פעם מה אותיות חס השם לעורר מודעות של רחמים בתוכי.
 לא לא להחזיר לבן אדם כמו שהוא עשה לי לא לבוא ממקום של של של אגו ולהיות צודק אל תחפש להיות צודק.
 חסה מלמדת אותנו עזוב רגע את הצדק תגדל תתפתח תשלח רחמים תהיה בנתינה תהיה צינור של אור גם במצבים לא צודקים בסדר.
 ואז יש לנו את הכרעה אז הנה הסדר של הכרעה שלוש מצות זרוע ביצה מרור חרוסת קרפס חזרת והכרעה בעצמה מדהים.
 יש לנו בעצם את כל התהליך הזה של הקדש אורחת קרפס יחד נכון זה 15 קשה לזכור את זה.
 אבל יש כזה קיצור נכון יש רשת תיבות לזה יש כן כן כן אני בחיים לא לזכור את זה באלפי מה זה בעצם השלבים האלה כן אחר ראשית 15 צעדים מחברים אותנו ליות קיי.
 זה מה יותקי ווקי נכון זה השם של הבורא יותקי אותיות יותקי אני רק אגיד למישהו לא יודע זה נכון אז נהוג לומר יותקי ווקי.
 לא אומרים את השם המפורש אז אנחנו נגיד אותיות יותקי מייצגות בעצם את החיבור שלנו לאור כן ואוטיוט וווהות היה אחרונה מייצגות יותר את התהליך הגשמי שאנחנו עוברים.
 איך שהאור זורם עד לדרך שבה אנחנו מוצאים אותו לפועל.
 אז UDK, האותיות UDK מייצגות את הדבקות, את החיבור המושלם שלנו עם האור של הבורא.
 והצעדים, 15 הצעדים הם,
 קדש אורחץ, קרפס יחץ, מגיד רחצה, מוציא מצע, מרור קורך,
 סולחן עורך, צפון ברך, עלל נרצה.
 ולכל חלק כמובן יש את המשמעות העצומה שלו.
 אז אולי ניגר אולי בכמה מהצעדים הללו,
 אבל להבין שכל צעד יש לו משמעות עצומה לחיים שלנו.
 זה בעצם 15 צעדים, 15 שלבים שלוקחים אותנו דרך תהליך רוחני בליל הסדר.
 כן, בעצם מה שקורה בליל הסדר, שנבין קודם כל את התמונה הגדולה,
 זה שלכל אחד מאיתנו יש שני מצבים עיקריים בחיים.
 מצב של קטנות לעומת מצב של גדלות.
 קטנות זה שהבן אדם לא מצליח לממש, לא מצליח לבטא את עצמו,
 לא מאמין בעצמו, מקטין את עצמו, אנשים אחרים מקטינים אותו.
 נמצא בצער, נמצא בסבל, נמצא בעצבות.
 גדלות זה ההפך שהבן אדם דוחף, שהוא בשמחה, שיש לו מוטיבציה,
 שהוא מתגבר, שהוא עולה, שהוא מגלה.
 הוא מגלה את הפוטנציאל שלו, שהוא חי את הייעוד שלו.
 אז בין לבין יש מה שנקרא מצבי ביניים כי יש קטנות א', שזאת קטנות מוחלטת, אחר כך יש גדלות א', התעוררות מסוימת של הבן אדם.
 לאחר מכן הוא עובר עוד איזשהו תהליך נוסף של קושי, של אתגרים שהתהליך הזה נקרא קטנות ב'.
 הוא כבר גדל מבחינה רוחנית אבל עדיין יש לו אתגרים ואז אחרי שהוא עובר אותם הוא מגיע לגדלות ב'.
 גדלות ב' זה אומר אתה חי את היהוד, את חי את היהוד שלך, את הפוטנציאל הבלתי מוגבל שלך.
 עכשיו מה שקורה בליל הסדר זה שאנחנו מקבלים את גדלות ב', את היכולת שלנו לעבור ממצב של קטנות כי אנחנו בדרך כלל בקטנות,
 לא מבינים בכלל מי אנחנו ומה באמת מה הכוח האמיתי שלי ומה באנו לעשות בעולם.
 בקידוש, בקדש זה בעצם הקידוש מקבלים מיד את גדלות ב'.
 כמו לעבור מגיל 5 לגיל 40.
 לא מגיל 0 מעובר יש תהליך של עיבור זה אומר הנשמה התינוק נמצא ברחב של האמא למה כי הבורא מגן עליו מפני כל השליליות שנמצאת בחוץ.
 אז אנחנו נמצאים במצב של עיבור בגלל שאנחנו בגלות גלות של מודעות גלות של של מחשבות שליליות וכיוצא בכך.
 אנחנו מקבלים מיד ממצב של עיבור למצב של גדלות ב'.
 בבת אחת וזה הסוד של פסח זה למה פסח זה זה החג.
 הכי הכי הכי גדול בשנה כאילו אי אפשר אי אפשר לממש את הייעוד שלנו או לממש את הגדולה של הנשמה שלנו מבלי באמת להתחבר ללילה סדר.
 אוקיי אז עברנו את חמשת הצעדים 15 סליחה צעדים.
 הגענו לאפיקומן נכון יש את השלב הזה שהילדים מחפשים את האפיקומן וזה זוכים במאה שקל סבא נותן להם וכולם שמחים לגמרי לגמרי זה החלק שנקרא צפון כלומר צפון בא מהמילה להצפין להסתיר אז לוקחים את המצאה אמצעית.
 אמרנו שיש 3 מצאות לוקחים את המצאה אמצעית שהיא מייצגת את ספירת טיפרת ושוברים אותה.
 מה שקורה זה שיש חלק גדול וחלק קטן אז החלק הגדול מייצגת העות דלת.
 סליחה חלק קטן מייצגת עוד עלת בחלק הגדול מצגת עוד וברכים כשJaredכירים תמוצא ניובסת מין.
 ווזה זה מייצג את העות דלת ועות,
 החלק הגדול שבאותו שבר של המצאה איתוך רגע גדול שמצגת אות דה וואו,
 ואגב, אם לא אמרתי, אז האות E ואות W מייצגות ביחד את האות A.
 כי אם אני לוקח את האות D ואלה מתחת זה האות A, ויש שלוש צורות לכתוב את האות A.
 הצורה הראשונה זו האות D ואות W, הצורה השנייה זה האות D ואות U,
 והצורה השלישית זה E E E.
 מבלי להיכנס לכל הפרסים.
 איך קוראים את האות A בצורה הנכונה?
 ד' באידיוק, ד' וי' ד' וו' וו' וו' וו'
 זה מייצג עולם מולאו של צפנים בכל מקרה, אנחנו מתחברים לד' ולאות וו'
 שהאות וו' מייצגת שוב פעם, האות וו' מייצגת את היכולת שלנו להשתנות, לגדול, לקחת את האחריות
 לקחת את חופש הבחירה שהבורא נתן לנו
 ובאמת למצות את כל ההזדמנויות שהבורא שולח לנו, ולא למסמס אותן
 אז לוקחים את הד' ואת האות וו', את האות וו' עוטפים באיזושהי מפית ומסתירים אותה
 למה מסתירים אותה? למה לא להגיד לי, נמצאת פה בצד ימין והאות וו' בצד שמאל
 זהו התחברנו, לא, היא חייבת להיות מוצפנת מכיוון שהמוטנציאל שלך ושל כל אחד ואחת מאיתנו הוא מוצפן
 הוא נמצא בהסתר, אנחנו צריכים לגלות אותו כל יום
 ומי מגלה אותו? הילדים, כי הילדים מייצגים את הקטנות
 אז מתוך הקטנות מתגלה הגדלות
 ושוב פעם, לתת לנו את ההבנה שאם אתה נמצא במצב של קטנות זה רק החנה לקראת הגדלות
 אין מצב של קטנות שנמשך לנצח
 קטנות היא בעצם התעוררות של הגדלות, דרך הקטנות מגלים את הגדלות
 שוב פעם, אם יש מודעות, אם אין מודעות אז בן אדם יכול להיות בקטנות כל החיים שלו
 ולחשוב שהוא איכשהו חי ופעל ועשה דברים אוקיי יש עוד תפקיד לילדים בלילה סדר נכון לומר את מה נשתנה נכון נכון ולשאול את 4.
 גם את מה נשתנה שאנחנו יודעים מה בעצם נשתנה.
 מה נשתנה לילה זה שאומרים שבכל הלילות אנחנו פועלים ככה אבל בלילה זה אנחנו פועלים ככה מה מעניין להבין שבלילה הזה זה לא לילה כמו.
 אין כמו אין לילה כזה בשאר הלילות השנה למה כי בלילה הזה זה הלילה היחיד.
 שאתה מקבל את הגדלות שלך את הפוטנציאל הבלתי מוגבל שלך בלילה זה תופך להיות אדם חדש לגמרי לכן אי אפשר.
 להתנהג באותה צורה אפשר להתלבש באותם בגדים יש כמובן אנחנו יש לנו מאכלים מיוחדים בגדים חדשים וכיוצא בכך שאנחנו ממש הופכים להיות אדם חדש.
 השיר מה נשתנה מעורר את המודעות הזאת של וואו אני מוכן כבר לקבל את הרמה את הנקסט לבל שלי את האדם החדש שאני אמור להיות השנה.
 הדבר הנוסף זה לגבי לגבי אם אנחנו מדברים כבר על ילדים וקטנות יש גם את הנושא של הקטניות קטניות אוקיי טוב שאתה קטניות למה לא אוכלים יש מנהג של אוכלים קטניות כי הקטניות.
 מעוררות את הכוח של הקטנות רק בפסח אפשר לאכול קטניות קטניות זה כמו דברים שאנחנו לא רוצים לא רוצים לחיים שלנו באותו שבוע אותו שבוע רק 7 ימים אין בעיה לאכול אדשים או אורז וכו' וכו'.
 כמובן יש כל מיני מנהגים שכל אחד יפה לפי המנהג שלו בוא נאמר זה לא העיקר.
 מישהי שאף אחד לא יחשב אגיד וואו אסור לי לאכול מי שנוהג לכל קטניות שאוכל מי שלא נוהג רק יבין פשוט למה זה לא עניין של מנהג של אבותינו למה קטניות מחברות אותך עם הקטנות.
 ואתה לא רוצה להישאר בקטנות שלך אז זה דבר אחד והדבר הנוסף שדיברנו עלה עלה על הכושיות זה מקושר בעצם מה זה ארבעת ארבעת הכושיות זה מקושר מרבעת כוסות עם ארבעת כוסות היעין.
 למה ארבע כוסות של יעין למה לא חמש למה לא שלוש למה אי אפשר להסתפק בכוס אחת של יעין למה יעין אדום למה יעין אדום.
 אפשר כמובן לשאול המון המון שאלות אבל נסביר בקצרה שארבעת הכוסות מייצגות את דלת הבחינות מה שהמקובלים מלמדים שהרצון שלנו באין סוף נבנה דרך ארבעה שלבים.
 מי מצב של רצון פסיבי להתעוררות של רצון להשפיע להתעוררות של רצון לקבל לעצמי להתעוררות של רצון לקבל על מנת לתת.
 אלו מדרגות כמו שהיינו פעם קטנים חשבנו רק על עצמנו אחר כך אנחנו מתחילים להבין שצריך להתחשב באנשים עד שהאדם מגיע למצב שכל מהותו היא נתינה והשפעה.
 שזאת מדרגה של צדיק אז אז ארבעת הכוסות בעצם.
 מעוררים בתוכנו את דלת הבחינות את הרצון האמיתי של הנשמה שלנו אז עשינו את כל השלבים בלילה סדר חיפשנו את הפיקומן אחרי שתינו ארבעה כוסות עברנו לקראת הסדר.
 מוצאות שקורים גמורים הגענו לשיר אוהבים לגמרי אם אנחנו כבר מצליחים לחשוב בצורה ישרה הגענו לשיר אהוב עליי ואני מאמינה שעל כולנו.
 חד גדיה נכון מה פשר השיר המוזר הזה כן הכלב השור החתול הזה זה שיר שיש בו צופן.
 עוצמתי ביותר להתחבר עם היהוד שלנו עם האור של הבורא עם נימוש הפוטנציאל של כל האנושות שלנו.
 סיפור אישי כל שנה כשסבא שלי זכרונו לבחר היה בחיים כל שנה שהיינו עושים את לילה סדר הוא היה מחכה ממש לשיר הזה.
 וכולם היו בשקט ורק הוא היה שר את החד גדיה הוא היה מדבר אונגרית אז הוא היה אומר הוא היה אומר חד גדיה ציק על זה כנראה באונגרית.
 ממש מתכוון לכל מילה ומילה ועד היום כל סדר אנחנו מחכים אותו עושים את השיר הזה לזכרון איזה כיף אז אז באמת להבין מה זה חד גדיה ראשית זאת אלו מילים בערמית.
 זה גדי אחד כי הסיפור מתחיל בעצם עם איזה שהוא גדי אחד שבא חתול וטרף אותו אחר כך בא כלב ואחר כך את החתול ואז במקל שיקה את הכלב.
 ואז בא אש ששרפה את המקל ולאחר מכן באו המים שחיבו את האש ואז מגיע השור ששותת המים ואז מגיע השוחט ששוחט את השור.
 ואז מגיע מלאך המוות ששוחט את השוחט ואז בסוף מגיע הקדוש ברור ושוחט את מלאך המוות.
 וכשאומרים שוחט את מלאך המוות המקובלים מלמדים שברגע הזה אפשר לבטל כל סוג של כאוס מהחיים שלנו כולל ביטול של מוות.
 בסופו של דבר מוות זאת אשליה והמוות בסופו של דבר יעלה מהעולם ויהיה מה שכתוב ובילה מוות לנצח אבל מה זה אומר לגבינו היום איך זה רלוונטי לחיים שלנו היום.
 זה ממש לסלק את כל החסימות לסלק את השטורש של כל הכל השליליות שיש לי בחיים וזה השיר שבעצם שוחט.
 מהשורש מסיר מהשורש את כל השליליות שנשארה לנו איזה שהוא בלילה הזה וזה שיר שלכם סוגרים איתו את לילה סדר כי זהו וגם להבין יש רק את אור הבורא.
 לא צריך להיות אדם דתי ולא מאמין ולא רק לדעת יש רק את הבורא.
 לא מקושר לדעת שיאש כל המציאות מביא אנשים שבאים לחיים של זה הור של הבורא שלח אותם וכל אתגר זה הור של הבורא וכל כל דבר שאני חובב בחיים שלי.
 ולא לחשוב שהבן אדם הזה עשה לי משהו או שבגלל המצב הזה אני מרגיש ככה שום דבר רק אני והור של הבורא זה מה שצריך לפתח כדי לפתח מודעות שכזאת.
 צריך להורר מודעות של באפת על הרכה כמוך כי אתה לא יכול להגיע למצב של אחדות עם הבורא אם אתה לא במצב של אחדות עם האנשים סביבך.
 קצת מזכיר לי את הסיפור אני לא יודעת אם זה קשור אבל זה קצת מזכיר לי את הסיפור על העיקר הסיני הזה מכיר את הסיפור שבעיקר סיני קונה סוס ואז השכנים שלו אומרים לו וואו איזה סוס יפה קנית הוא נראה אומנם.
 לא רוחב על הסוס נפל בין שלא נראה.
 כל דבר שקורה לנו בחיים בעצם יש לו סיבה יש לו משמעות טובה אין משהו שקורה לך כדי לפגוע בך רק רק אנחנו לא רואים את זה סיבה טובה זה המשמעות של חד גדיה.
 אבל מעבר לזה זה משהו שכרגע אנחנו לא מצליחים לתפוס בקשה לנו אפילו לדמיין.
 ששעה מוודו אשליה.
 כל החושך שיש בעולם הוא אשליה אחת גדולה למה מכיוון שיש רק את אור הבורא וכדי להבין את זה אנחנו קוראים כמה שיותר בזוהר כי הזוהר.
 הוא בעצם הכלי העוצמתי ביותר ביקום שמחבר אותנו מיד תכף ומיד שקוראים בזוהר מתחברים מיד.
 לאור של הבורא אור אינסופי וזה מבטל מחשבות שליליות וזה מבטל כעסים וזה מבטל מבטל מחשבות מגבילות על עצמי.
 אז אז בלילה סדר אנחנו מקבלים את זה בבת אחת תחשבי זה זה הלילה הכי עוצמתי בשנה מקבלים את זה בבת אחת ממצב של עיבור.
 ממצב של עיבור והקטנות הכי גדולה שיש בן אדם לא מסוגל לעשות כלום ולא עושה כלום.
 עד למצב שהוא בגדלות שלו שהוא יחיית הייעוד שלו יחיית הנימוש של כל הכוח האמיתי שלו במשך השנה הקרובה.
 אז מי היה רוצה לפספס מתנה מטורף פשוט מדהים אז פה אנחנו מגיעים להשווי של פסח בדיוק סיימנו את לילה סדר אנחנו עוברים ככה שבוע שאנחנו מתנקים מהאגוח למצות ממשיכים בכל המועד צריך באמת.
 לימנע וגם לחשוב מה אתה מדבר בכלל בכל המועד לא כדאי לדבר דברים שליליים לא כדאי לעשות פעולות שליליות כדאי להיות במודעות של נתינה ואהבה וחסדים ולימוד וגדילה רוחנית כל אחת ביכולות שלו כן.
 ואז מגיע השביעי של פסח מה קורה בשביעי לפה המקובלים המורה שלי הרב ברג מלמד שהשביעי של פסח הוא יותר גדול בעוצמתו מילה לסדר.
 כי אור שמתגלה בו הוא אור של עתיקה שזה בעצם האור הראשון שהתגלה זה בעצם אור אינסוף מתגלה בלילה זה וזה אור שגרם לבני ישראל להפוך את הים ליבשה.
 הגילוי הזה של קראטים סוף באמצעות השימוש ב-72 משימות של הבורא לא נכנס לזה כרגע אבל בלילה הזה אנחנו מתחברים לעתיקה.
 שזה גילוי של אור שאין שום חושך בעולם שיכול לעמוד מולה מולה מולה מולה אור הגדול הזה זה דבר ראשון דבר שני יש הרבה אנשים שיש להם בגורל.
 חוסר מזל כתוב במזל שכך וכך בלילה הזה אין המזל משתנה המזל משתנה לגמרי יש הרבה אנשים שיש להם חסימות.
 שמנסים לשנות או ליצור איזשהו הם רוצים להשתנות רוצים לגדול הם לא מסוגלים לעשות את השינוי כבר.
 בלילה הזה הבלתי אפשרי הופך להיות אפשרי אין משהו שהוא בלתי אפשרי בלילה כל הישועות.
 כל הכל הפתיחת החסימות פתיחת השערים של הפרנסה של הבריאות של מימוש הייעוד הכל נפתח בלילה זה.
 זה הלילה שבו בני ישראל חצו את ים סוף בדיוק הלילה שבני ישראל שבעה ימים אחרי לילה סדר זה הלילה שהם חצו בדיוק הם הגיעו מול ים סוף שוב פעם.
 כן בני ישראל הגיעו מול ים סוף ואז משה צעק לבורא הבורא תעזור לנו תושיע אותנו והבורא ענה למושה את התשובה הכי מפורסמת מה תצעק אליי.
 שגם המורה שלי הרב ברק תמיד אומר מה הכוונה מה תצעק אליי מה הכוונה אז מה למה אתה רוצה שאני מתחיל מה אתה עכשיו איך הבורא אומר למושה מה אתה מתמטה צועק אליי עכשיו.
 דבר בני ישראל ואיסאו זה בדיוק מה שבורא אומר לנו נתתי לכם את כל הכלים בואו תשתמשו בהם.
 אתם לא יכולים רק להתפלל ולחשוב שמשהו יקרה זה לא התפקיד שלי התפקיד שלי זה להיות שותף איתכם אתם צריכים לעורר.
 אותי אתם צריכים לעורר את המודעות ואז אני יכול להיכנס כי זה חוק רוחני שנקבע באינסוף שהבורא לא יכול לעשות את העבודה בשבילנו.
 אנחנו צריכים לעורר את העבודה ולכן חשב משה עשה את כל הכוונות היה אדם בשם נחשון בין המינה בין המינדב שהוא נכנס לתוך המים.
 מספרים אגדה מספרת שהוא נכנס ונכנס והיה מוכן למות הוא היה מוכן או לטבוע.
 או שיקרנס אומר אין עונס או שאני מת.
 כל עם ישראל עומדים בחוץ בחוץ הוא היחידי שהוא נכנס לבד לא נפתח לא נפתח עד שהמים הגיעו לו לנחיריים הוא כבר לא יכול לנישום או באותה שנייה.
 הים נבקע לשניים.
 זה שוב פעם זה בשבילנו להבין שאי אפשר רק לחכות שדברים יקרו לחכות למוצב שיהיה עד שיהיה מושלם עד שדברים יקרו ונראה לא עכשיו זה הזמן לעשות.
 עכשיו זה הזמן זה להעיז לבטא את האור שלך לגלות את הגדולה שלך זה עכשיו ויש עניין של מומנטום בחיים.
 תראה לצמחים אם נחשון היה אומר לא בוא נחכה קצת.
 אז המצרים כבר היו נכנסים היו כבר תופסים את ביני ישראל ומחזירים אדם למצרים המומנטום זה אומר לנצל כל הזדמנות שהבורש הולך לנו כל יום.
 לא למסמס אותם יותר מדי כי בדרך כלל יש לי זמן אני עושה את זה שבוע יש לי זמן אני אתחיל את זה לסוף השבוע נראה מתישהו.
 אין זמן הזמן לעשות זה עכשיו וכל שכן אם זה משהו שאני יודע שאני יכול לעשות אותו עכשיו אז אז ממש להפוך מודעות.
 סיבית למוסר למודעות יותר של להעיז ולהצליח אבל שוב פעם ממקום של מודעות של של אור מודעות של נתינה.
 אז השביעי של פסח מייצג את ליל הניסים ונפלאות את היכולת שלי לחיות במציאות של ניסים לכל השנה באמצעות מודעות של.
 של אני אני כאן אני נוכח בחיים שלי אני לוקח את האתגר ואני הופך אותו לאור אני לא הופך לקורבן אני לא מאשים את מי שאלות את מי שזה לא יהיה אני לוקח אחריות מלאה לחיים שלי ואני יודע שיש לי את הכוח אני בעצמי.
 יש לי את הכוח לקרוא את ים סוף האישי שלי ויש את כוח הבורא שבתוכי.
 אז מי שחושב שהוא קטן או שהוא נמוך כאילו מבחינה רוחנית או שהוא מקולקל חס ושלום זאת הטעות בלילה הזה אין אין אין קטנות יותר זה לילה גדלות הכי גדול.
 ולכן אנחנו נוהגים להתעורר בלילה באשמור את הבוקר ארבע וחצי בבוקר בערך.
 מוצאים את התורה וקוראים את קריאת ים סוף את שירת הים שמירי המשארה ויש צירופים של 72 משמות אנחנו מסיים את התקשורת בדיוק בזמן כאילו ב 6 וחצי בבוקר.
 וואו זה כאילו ורוב האנשים לצערי לא מחשבים את השביעי של פסח כאילו בסדר זה הכי חשוב אז השביעי של פסח זה יודעים שזה חג אז אוכלים והולכים לישון.
 ולא באמת מודעים למשמעות של החג וזה בדיוק הסוד.
 שאנחנו בדרך כלל נשים לב לדברים הפחות חשובים.
 ונתרקד את הדברים החשובים היותר חשובים שהשביעי של פסח עולה אפילו בגדולתו.
 על הלילה סדר אז הנה יש לנו פה מכלול שלם של כלים של הבנה של מודעות נותן לנו את כל הכלים ואת האפשרות להתנתק ממי שהיינו להפוך להיות אנשים חדשים.
 והשביעי של פסח ממש מוציא את זה לפעולים עכשיו אנחנו יכולים בגללנו בלי עזרה של הבוראות כאילו זאת אומרת לא בלי לחכות למשהו שיקרה לפעולה וכבר לילה סדר זה הפוטנציאל המימוש של הפוטנציאל זה השביעי של פסח אמרת את זה כל כך יפה.
 והכי חשוב זה להבין אני לא צריך להיות איזה גאון.
 לא צריך להיות איזה שום מישהו ילמוד איזה לא כל אדם ההפך ככל שאדם מגיע.
 ממקום יותר תמים ופשוט ככה יוכל לגלות את העור העצום של לילה סדר בשביעי של פסח כלומר אני רוצה שינוי אני רוצה להשתנות זה הדבר הכי פשוט שבנאדם יכול להגיד לעצמו.
 ואני ואני אני יודע שהיקום הבורא מכין לי אין סוף של אור וברכות שאמורות להתגשם בחיים שלי מבלי.
 מבלי לחשוב על כל מה שקרה בעבר וזה לא קשור העבר בתאויות בחושך ומה שהגעתי ומה שעשיתי.
 אתה אדם חדש נותנים לך עכשיו הזדמנות לגדול ולפרוץ לפרוץ את כל ביידוק זה זה ריסטארט והבוסט של האנרגיה ההתחדש של ההתחדשות הכי גדולה בשנה.
 חזק ביותר תודה רבה על שני השיעורים האלה אני מאחלת לכל עם ישראל חג פסח שמח וקשר שבאמת נצא מעבדות לחירות אמן אמן ונשלח אור לכל החיילים לטייסים לכל כוחות הביטחון ולכל עם ישראל חג חירות שמח.",,,checked,1175892279,https://drive.google.com/uc?export=download&id=1K6DfJ8X1YanvY4gmL6_20SYmmN0XT_HF,https://youtu.be/UpAWrlSoIXw?si=Hsz30_0w45B6wdEi,checked,https://drive.google.com/uc?id=1z9uQExxhh0hHhBvGQbAQ7bL_YmzOBXU2&export=download ,https://open.spotify.com/episode/5cxoWOTgOpjZ8ySbMDr0cu,https://vimeo.com/reviews/3d8012e1-11d1-4336-a2f3-1d611aa2d674/videos/1176968408,https://vimeo.com/reviews/3297666e-a08f-4a47-b13d-a270edd3a6e1/videos/1176968713,https://vimeo.com/reviews/09e2b968-ea92-4172-8e31-7ab096aa54fa/videos/1176968322
1,"פרק 1: מעבדות לחירות, חופש שעוד לא הכרתם","מעבדות לחירות, חופש שעוד לא הכרתם","רובנו למדנו על סיפור יציאת מצרים כסיפור היסטורי או כחג שבו יצאנו מעבדות לחירות.
אבל מה אם זה הרבה יותר מזה?


מה אם יציאת מצרים היא בעצם מפת דרכים מדויקת לשחרור מהדפוסים שמנהלים אותנו:
מהאגו, מהפחדים, ומהמקומות שבהם אנחנו עדיין “עבדים”?


בפרק הזה נגלה:
מה הצפנים שמסתתר מאחורי הסיפור - ואיך זה קשור אלינומי היו פרעה ומשה ברמה הרוחנית ומה השמות שלהם מגלים לנו על הכח שלהםאיך עשר המכות מייצגות תהליך של ניקוי פנימי עמוקלמה אוכלים מצה ומה הסוד שיש בה, ומדוע נמנעים מחמץ⁠ ⁠למה מנקים לפסח ומה זה נותן לנו ברמה הרוחניתואיך להשתמש בליל הסדר כהזדמנות אמיתית להיוולד מחדש


אם נגיע לפסח עם כוונה ומודעות נכונה - זאת יכולה להיות נקודת מפנה אמיתית בחיים שלנו.
",https://vimeo.com/1175892259/49137e7639?share=copy&fl=sv&fe=ci,,2GtfXQNhassUK9affi4E0E,35:51,2026-03-24,3/27/2026 10:48,reccqAGxe8UD9VEwc,,,,,2026-3-24,,reccqAGxe8UD9VEwc," בין אם גדלתם בבית חילוני, מסורתי או דתי, יש דברים שכנראה אף פעם לא הסבירו לכם, או שהסבירו לכם בצורה פשטנית ולא תמיד הגיונית.
 אולי אמרו לכם שהאמונה היא מעל ההיגיון, שצריך קודם כל לעשות ורק אחר כך לשאול, ושיש דברים שרק מי שברא את העולם הזה יודע.
 בפודקאסט הזה אנחנו מעודדים אתכם לשאול את כל השאלות, ואנחנו נביא לכם את התשובות הכי עמוקות ונסתרות שיש לחוכמת הקבלה להציע.
 היי, אני עדס סמואלי רביבו, וביחד עם אבנר מדר, מתחירי המורים לקבלה בעולם, אנחנו מתרגשים להגיש לכם את פודקאסט המקובלים,
 ולהביא לכם את חוכמת הקבלה כמו שאף פעם לא שמעתם.
 היי אבנר.
 היי עדס.
 מה נשמע?
 אני בסדר, את יודעת, עם כל המצב שאנחנו נמצאים בו.
 לגמרי.
 אני ממש מקווה ומתפלל שכולנו נעבור את זה בשלום.
 ונקווה שלא יהיה לנו הזקות היום בפרק.
 בהחלט.
 אז לפני שאנחנו צוללים ככה לסיפור יציאת מצרים לפי הקבלה,
 אני אשמח שתספר לי, או שתספר לכולנו כזה, נזכר רגע בסיפור יציאת מצרים לפי הפשט, לפי מה שכתוב בה.
 כן, בהחלט.
 הסיפור הפשוט הוא מאוד מפורסם, כן?
 שבני ישראל נאלצו לרדת למצרים בגלל הרעב שהיה בארץ,
 וכשהם ירדו למצרים, בעצם הם התחילו להיות משועבדים לממשלה שם, לכוח של המצרים,
 כי המצרים באותו זמן שלטו בכל העולם, מכיוון שהם היו בעצם מעצמה, אימפריה כלכלית.
 ובני ישראל, מבלי שהם הבינו כיצד זה קורה, הם הפכו להיות עבדים.
 המצרים ממש יאבדו אותם, והפכו אותם להיות עובדים.
 הם בנו שם ערים, ובנו שם, סללו שם דרכים.
 ובסך הכל, הסיפור הפשוט מדבר על עבדות שנמשכה המון המון שנים, כן?
 למעשה, 200-220 שנים, כן?
 והעבדות הזאת הפכה להיות מין שגרת חיים,
 שהם אפילו לא היו מודעים לזה.
 ואז משה נולד, כן?
 הוא נולד, הוא גדל.
 אנחנו גם מכירים את הסיפור שבת פרו אספה אותו מהנילוס, כן?
 מריאם אחותו ראה אותו.
 מריאם אחותו עשה נכון, כי היא הייתה גזרה, כי פרו לא רצה שהם יתרבו.
 אז הוא אמר שכל הבכור היעור התשליחו,
 היה צריך להשליך את כל הבנים הבכורים, כן?
 כל הזכר היא לא הצליחה.
 ובעצם שמו את משה בטבע, הוא ניצל,
 וכעבור כמה שנים כשהוא גדל בבית של פרו,
 בהרמון של פרו, הוא הפך להיות מנהיג.
 איך הוא הפך להיות מנהיג?
 הוא היה יוצא כל יום ורואה את הסבל של העם שלו, של עם ישראל.
 הוא היה ממש יוצא.
 הוא יכל להישאר בהרמון, יכל ליהנות מחיים של פינוקים,
 אבל הוא החליט לצאת ולראות בסבל של בני ישראל.
 וכך בעצם הוא הפך להיות המנהיג.
 אוקיי.
 סיפור שאני חושבת אין אחד שלא גדל עליו,
 ואפילו עשו עליו סרטים בדיסני,
 וכולנו זוכרים אותו,
 אז מה בעצם הקבלה מספרת על הסיפור הזה?
 אז לפני שנדבר על הקבלה, תכף,
 אז משה בעצם גדל והוא הופך להיות המנהיג,
 כן, גם שם יש המון המון הסברים קבלים,
 אבל צריך להבין שהסיפור הפשוט מספר על זה
 שמשה הופך להיות השליח של הבורא, כן?
 והבורא אומר למשה,
 לך ותגיד לפרו שאם הוא לא יוצא בני ישראל ומצרים,
 אנחנו הולכים להוריד עליו מכה,
 מכת דם, מכת הרבה,
 ולך יוצא בכך עשר מכות,
 ובאמת זה מה שקורה,
 ובמכה העשירית פרו כבר מכת בכורות,
 פרו כבר מתייאש,
 הוא אומר למשה,
 קח את כולם ותצאו מפה כבר,
 אני לא רוצה אתכם במדינה שלי,
 ומשה יוצא, כן?
 אבל הסיפור,
 על פי המסורת,
 מדבר על כך שמשה אמר לבני ישראל,
 חבר'ה, אנחנו נצא ממש בצורה כל כך מהירה,
 כן?
 אז לא יהיה לנו זמן להכין לחם.
 אה, נכון.
 נכון, כי בעצם לחם,
 צריך לשים את הכמח ואת המים,
 להצפיח,
 והביצים וכולי,
 ולוקח זמן עד שהבצק תופך.
 הוא אומר להם, לא, לא, לא,
 לא יהיה זמן,
 תכינו משהו,
 זריז אוכל שאפשר ממש להכין אותו במהירות,
 ואנחנו נצא בחיפזון במצרים.
 ואז הם אפו כביכול מצעות,
 מצעות,
 זה לזכר,
 ולזכר בידיו,
 ויצאו ממצרים,
 אפו את המצעות,
 יצאו,
 עברו את ימסו,
 וגם על זה אנחנו נדבר אולי,
 אם יישאר קצת זמן,
 ואז אנחנו עד עצם היום הזה,
 3,700 שנים לאחר מכן,
 אנחנו חוגגים את החג הזה,
 לזכר יציאת מצרים,
 ואוכלים מצעות,
 לא אוכלים לחם,
 ולא אוכלים חמץ,
 מבלי באמת להבין מדוע.
 אז אני ממש סקרנית להבין מדוע.
 יופי,
 אז פה אנחנו מבינים שהסיפור המקרה,
 הוא בעצם הפשט.
 והפשט אף פעם לא בא לספר לנו סיפורים,
 כמו שרבי שמעון בר יוהל.
 גם עד הלבנטי אליי,
 וזה מה שרבי שמעון בר יוחאי כתב בזוהר,
 שאם זה לא רלוונטי לחיים,
 אז למה לנו בכלל לשמוע סיפורים?
 אפשר לשמוע סיפורים במקום אחר,
 לאו דווקא לשמוע או לקרוא את הסיפורים של התורה.
 והרלוונטיות לחיים שלנו היא כל כך כל כך עוצמתית,
 עד כדי כך שמי שמבין את הסוד של פסח,
 יכול באמת באמת לזכות לחירות אמיתית,
 יכול באמת ליצור שינוי מדהים בחיים,
 לעומת אדם שלא מבין את פסח,
 שאולי עבורו זה תהיה באמת אולי עוד ארוחת ערב מסורתית,
 משפחתית עם המשפחה,
 ובזה יסתיים הסיפור.
 ארוחת הערב לעומת אור עצום שמתגלה בחג,
 במיוחד בליל הסדר,
 שאת זה אנחנו באמת צריכים להיכנס יותר לעומק,
 ולהבין מה קרה שם ומה הסוד של המצא,
 ומה הסוד של חג הפסח.
 אז יאללה, בוא נתחיל.
 ואיפה נתחיל? ממצרים?
 נתחיל בעצם שם, בעצם במילה מצרים,
 כבר אנחנו מגלים את הסוד,
 את הסוד של העבדות,
 את הסוד של החירות,
 כי מצרים בא מהמילה מצר,
 לא סתם המדינה, הארץ הזאת נקראת בשם מצרים,
 כי בני ישראל היו במקום של צרות,
 המודעות שלהם לא יכולה להתרחב.
 והסיבה לכך, חזור מלמד,
 שמצרים בעצם היותם המעצמה הכלכלית והמדינית הגדולה ביותר בעולם,
 מכיוון שהם ידעו איך לשלוט בחומר,
 הייתה להם שליטה מלאה בחומר,
 והחוכמה של חכמי מצרים,
 שחיו בו את התקופה,
 הייתה חוכמה מעין כמוה,
 הם ידעו לעשות קשפים,
 הם ידעו איך לשנות מציאות,
 הם ידעו בעצם איך לשנות בחומר,
 ואיך הם עשו את זה?
 הם לקחו בעצם כלי פיזי,
 שנקרא בעצם תלה,
 העשה, התלה,
 הם ידעו שהמזל תלה,
 הוא המזל שמייצג את הרצון לקבל הגדול ביותר,
 אנחנו יודעים שהוא הראשון בגלגל המזלות,
 ולא במקרה,
 לא במקרה ניסענו החודש הראשון,
 מכיוון שמזל תלה, בני מזל תלה,
 ידועים כאנשים עם הרצון לקבל הגדול ביותר,
 איך זה מתקשר בכלל ורלוונטי לחיים?
 רגע רק נגיד שיש כאילו לפי גלגל המזלות העברי,
 מזל תלה הוא המזל הראשון, לא תשרי,
 נכון, בדיוק, נכון,
 נספר למי שלא מכיר את זה,
 נכון, תשרי ראש השנה זה לא באמת החודש הראשון,
 תשרי הוא החודש השביעי,
 כן, אז יש פה אנחנו שליטה שונה,
 אנחנו חוגגים את ראש השנה ביום הראשון של החודש השביעי,
 כלומר א' בתשרי,
 זה היום שבו אדם וחוון נבראו,
 אבל יחד עם זאת,
 בפסח, בניסן,
 אנחנו יכולים באמת להתחבר למהות שלנו,
 ליהוד שלנו,
 למימוש הפוטנציאל,
 הבלתי מוגבל שלנו,
 אז מה חושם בעצם את הפוטנציאל שלנו,
 זה בדיוק העניין,
 מצרים, מצר, הם שלטו בחומר,
 והם בעצם האמינו שהתלה,
 יש לו כוח מיסטי,
 אז הם הפכו אותו להיות אל,
 אליל, האליל של המצרים,
 קראו לו בשם רא,
 ראש עין,
 שזה אגב, הרב השלג מלמד,
 ראשי תיבות, רצון עצמי,
 רצון עצמי,
 הם היו כל כך אנוכיים,
 כל כך משועבדים לרצון לקבל לעצמו,
 כן, וזה הפך להיות כוח,
 ששלט אז באותה,
 באותה תקופה,
 וגם בני ישראל, מה לעשות,
 היו משועבדים לרצון לקבל לעצמו,
 כלומר, תראי לעצמך בן אדם שהוא,
 הוא באיזה סוג של התמכרות,
 לסמים, או,
 או, ל, ל, ל,
 לאוכל, או, ל, ל,
 לכל מיני דברים שהם לאו דווקא,
 משהו שהוא צורך, שהוא לא יכול בלעדיו,
 כן? יש המון אנשים שמכורים לכדורים,
 מכורים לשינה, מכורים ל...
 לכאל דברים כאלה ואחרים,
 שהבן אדם כבר מגיע למצב
 שאומר אני לא יכול להתגבר על זה לבד.
 זה בדיוק מה שקרה לבני ישראל לבד,
 הם לא יכולו כבר לצאת מהשיעבוד הזה,
 כי זה היה שיעבוד סיכולוגי,
 שיעבוד רגשי,
 שהם ראו את עצמם מה?
 כעבדים, מה זה היה השיעבוד הזה?
 הם אפילו לא ראו את עצמם,
 לא הצליחו לראות את עצמם,
 הם פשוט היו קיימים כל בוקר ויוצאים לעבוד והמצרים היו רודים בהם והבני ישראל לא חשבו לרדת.
 הם קיבלו את זה, זאת המציאות, כמו שאנחנו מקבלים את המציאות של היום יום, של העבודה הקשה,
 שאנחנו לא באמת מגלים את הייעוד שלנו, שאנחנו מתפשרים על זוגיות או על חיים בינוניים,
 שאנחנו לא מעריכים את עצמנו וממשיכים לחיות.
 ואפילו כשאדם יש לו בעיה כזו או אחרת, הוא באיזשהו שלב מתחיל להתרגל שככה זה החיים.
 לא, לא, זה לא החיים.
 זה מודעות של עבד.
 זאת מודעות של עבד שאדם אומר ככה זה החיים.
 לא, אני רוצה לשבור את זה, אני רוצה לשנות את זה ויש דרך לשנות את זה.
 ואז מה שקרה שמשה המנהיג, שבאמת הוא קיבל כוחות כל כך עילאים מהסיבה הפשוטה,
 לא בגלל שהוא היה איזה שהוא צדיק ואיזה שהוא משהו, איזה גאון ואפילו כושר מנהיגות,
 אנחנו יודעים שהוא היה בעצם לא יכל לדבר.
 כן, הוא לא יכל אפילו לדבר.
 הוא אמר לבורא, אני לא יכול, אני לא יכול, איך אני אנהיג?
 והבורא אומר לו, בך בחרתי, אני בחרתי אותך ויש סיבה לכך וקום תעשה את העבודה שלך.
 ומה הייתה התכונה הכי טובה של משה?
 רגישות לזולת.
 הוא הרגיש את הכאב של האנשים.
 תראי לעצמך שאנחנו ביום יום שלנו פוגשים כל כך הרבה אנשים,
 כמה מהאנשים שפגשתי היום הרגשתי באמת את הכאב שלהם,
 וכמה מהאנשים שפגשתי היום איפשהו ככה רפרפתי את זה,
 מה נשמע, מה שלומך, יחסי עבודה, יחסים במשפחה.
 לא באמת, אני לא באמת עוצר כדי להקשיב, אבל מהנשמה, מהרגש.
 איפה הבן אדם השני נמצא, איך אני יכול להיות שם עבורו?
 ומשה היה שם עבור כל אדם.
 ולכן דרך אגב הוא נולד בזיין בעדר.
 מזל דגים.
 מה מזל דגים מייצג?
 אמרנו שתלה זה המזל שמייצג את הרצון לקבל עצמו הגדול ביותר.
 מזל דגים מייצג את הרצון לתת השווא הגדול ביותר.
 הרגישות של בני מזל דגים היא מאוד מפורסמת בחוכמת הקבלה.
 ומשה נולד במזל ד�ים כי היתה לו רגישות,
 והוא הפך להיות מנהיג והוא זה שהוציא כביכול את בני ישראל.
 מה זה הוציא? לא, לא יציאה פיזית שגם הייתה יציאה פיזית אבל זה החלק השולי בסיפור.
 הוא הצליח לראות את העבדות שלהם.
 הוא הצליח לראות את העבדות שלהם והוא הצליח להבין ואו,
 משהו פה קורה במודעות שלהם אני צריך להעלות אותם למעלה ואז סיפור יציאת מצרים בעצם מספר על כך שהבורא העלת המודעות של בני ישראל מהמקום הנמוך ביותר
 עד למקום שבו הם יוכלו כבר להיות בני חורים כלומר הם יוכלו להשתנות
 שוב פעם אדם לא מצליח להשתנות אין לו כוח להשתנות אין לו כוח ליצור שינוי כשהוא כבר עייף וחלש
 ובני ישראל הם במקום מאוד חלש מאוד נמוך למעשה המקובלים מלמדים שיש 50 מדרגות של גדושה 50 מדרגות של גדילה רוחנית
 לעומתם יש 50 מדרגות של תומעה של חושך של תכונות אנוכיות של נפילה והבן אדם לא לוקח אחריות ונכנס לעצבות למשל עצבות זה אחד מהמדרגות של התומעה
 שוב פעם כולנו נופלים לעצבות מה לעשות ומשה הצליח להיות צינור לבורא להעלות את המודעות שלהם מהמדרגה 49 של התומעה של החושך
 להעלות למדרגה הראשונה של הגדושה ואז הם יכלו לפתוח עיניים ולראות וואו כל השנים הללו חיינו בחושך אחד גדול אנחנו חייבים עכשיו ליצור שינוי
 וזה לעשות של פסח זה מאפשר לכל אחד ואחת מאיתנו לצאת מהעבדות הרוחנית הרגשית האישית שלנו ואיך עושים את זה יש כל כך הרבה כלים אבל צריך להתחיל עם מודעות
 צריך להתחיל עם התלהבות הערכה לחג הזה למרות כל מה שקורה כרגע בארץ עדיין יש לנו באמת את החג הזה שהוא מקפצה לא רק לכל השנה אלא לכל החיים
 מדהים אז אתה אומר בעצם שכל הדמויות שקיימות בסיפור בסיפור יציאת מצרים סוג של צפנים או קודים לרמת מודעות מסוימת או לאנרגיה מסוימת אז בוא רגע נעבור על עוד דמויות אמרנו פרעה משה.
 יש לנו את הארון ואת מרים.
 נדבר ממש בקצרה על פרעה ועל משה פרעה כותב הערי הקדוש בכתב הערי שפרעה זה אותיות האורף.
 אורף מייצג את האחוריים כן הרי האורף זה הצד האחורי של הצוואר שלנו וכשאומרים אדם כשאורף למה מתכוונים עכשיו עכשיו לא מבטא בדיוק לא מבטא שזה אגו מאוד גדול לא לבטא.
 כי למשל במה מה שובר מה הורס הזוגיות מספר 1 כולם מדברים על זוגיות ויש קושי לשמר את הזוגיות מה בעצם ההורס הזוגיות מספר 1 אני מדבר עליה ימינו אני לא מדבר על לפני אלפי שנים.
 בדיוק זה שזה הצורך להיות צודק פשוט עשו מחקר ובדקו הצורך להיות צודק זה מספר 1 הגורם מספר 1 לפירוד.
 זה גם פירוד גם בין אנשים זה כשאורף אני קודם כל רוצה להיות צודק.
 לא מחפש איך להכניס אור או איך להשתנות אם אני נמצא כבר במצב איזו הזדמנות בשביל זה להשתנות.
 השינוי יכול להיות מגוון זה לא שינוי של אני אדם רע אני צריך להיות אדם טוב לא השינוי יכול להיות.
 עמוק כל כך ברמה של הנשמה של צורך העניין האדם לא מספיק מעריך את הגדולה שלו.
 הוא נמצא במערכת יחסים שהוא לא מבטא את עצמו לא מביא את הגדולה שלו.
 ופה הוא צריך דווקא לדעת לשים קווים אדומים לשים כאילו מזווית די אני לא מוכן.
 לא לבטא את עצמי ולא לגלות את האור שלי מצד שני יש את האלה שרוצים להיות צודקים כל הזמן.
 ויש את האגו שרוצה להשיג שליטה ורוצה רק לקחת אז גם את זה צריך לשים לב אבל זה הכל בא לידי ביטוי ברצון לקבל לעצמו.
 ופסח חייב לקרות בטלווה בניסן שזה בעצם אמצע חודש ניסן כשהארח מלא.
 והארח כמובן מגלה כוח אנרגטי עוצמתי ביקום ביחד עם השמש הבורא בראה את השמש ואת הארח כדי לתת לנו את האפשרות להתחבר למודעות שכזאת ובאמצע.
 חודש ניסן יש כוח שיכול לשבר את כל החסימות את העצבות ואת הדיכאון ואת ההתמכוריות.
 ואת חוסר הערכה עצמית ואת הגאווה ואת הכעס ואת הדכאון ואת כל מה שמונע ממני מלהיות האדם שבאתי להיות.
 ואת המודעות המוגבלת ותפיסת העולם המוגבלת ולחשוב בקטן על החיים שלי.
 פשוט שזה בדיוק לא לסדר זה נקרא לילה ישועות הגדול.
 זה באמת באמצע חודש ניסן אנחנו מקבלים את הרצון האמיתי של הנשמה שלנו.
 שאנחנו לא מודעים אליו לא מודעים כמה הרצון שלנו הוא כל כך קטן יחסית לרצון האמיתי שהיה לנו פעם.
 בבין סוף אז מה לגבי משה שאלה טובה משה האותיות ממשין והרי הקדוש מלמד אותנו שזה השם הכי מאוזן מכל השמות בעולם יש הרבה שמות נכון.
 כל כך הרבה אנשים יש כל כך הרבה שמות אבל אם את רוצה לדעת מה השם הכי מאוזן בבחינה רוחנית זה משה.
 ראשית ממשין ביפוך סדר אותיות זה אחד משבעים שתי המשמות של הבורא שהוא הצופן לרפואה הוא מוריד אור של רפואה והרי הקדוש מסביר למה מכיוון שהאותיות ממשין.
 או משה ממשין זה צירוף של אותיות שמייצגות או מעבירות אור של איזון.
 את האיזון הכי מושלם בעולם.
 האות ממ מייצגת מים שזה קו ימין פסד הרצון לתת.
 האות מייצגת את הרצון לקבל לעצמו את הרצון לקבל קו שמאל גבורה והאות שין מייצגת את הקו האמצע את האיזון בין השניים.
 אדם צריך להיות מאוזן בין הרצון שלו לקבל כי אנחנו לא רוצים לוותל את הרצון לקבל אנחנו רוצים אפילו להגדיל אותו ולהגדיל אותו שיהיה כמה שותר רצון לקבל.
 לא לפתוח רק עסק לפתוח עוד ועוד ועוד להגדיל את השפע להגדיל את העור שאני רוצה למשוך לחיים על מנת לתת.
 וזה קו האמצעות שינה זה קו ימין קו שמאל עוד שני קו אמצע כמו שיש אלקטרון פרוטון וניוטרון.
 זה זה בעצם הבסיס של כל היקום כל המציאות הגשמית שלנו מבוססת על על האטום ואולי.
 כמובן המדענים גילו שיש משהו חלקית יותר קטן מאטום אבל נשמור על זה לשיחה אחרת בכל מקרה הבסיס הוא מערכת שלושת הקווים ימין שמאל ואמצע.
 אז השם משה מייצג איזון רוחני מושלם וגם אנחנו רוצים להתחבר לכוח הזה של הריפוי לרפא כאב מעבר לרפא עצבות שאני לא מצליח לרפא אותה.
 לרפא לרפא חסימה בן אדם עם משפחה זוג רוצים להביא ילדים לא יכולים להביא ילדים בן אדם מנסה ליצור שפע לא מצליח בן אדם מנסה ליצור פריצת דרך חדשה הוא לא מצליח.
 בלילה סדר הבלתי אפשרי הופך להיות אפשרי.
 זה ממש ההפך מהשם של פרו בדיוק יש לנו את פרו ויש לנו את הכוח הנגדי לו שזה משה אגב פרו גם היה.
 חכם וודאו כמובן של חכם ועל החכמה של משה מחוברת למערכת הקדושה והחכמה של פרו מחוברת למערכת התומה שהוא פעם זה.
 זה לא זה לעומת זה בר האלוקים אז הבורא בר את מערכת האור ומערכת החושך כדי שאנחנו נוכל לבחור בה ולכן לא באמת קשה והיא לא חשוב אם האדם חכם ואיזה ידע יש לו ואיזה עמדה יש לו וכמה קסם.
 חשוב מה הוא עושה מה הוא עושה עם מה שיש לו אם הוא עושה את זה לטובת נתינה לטובת חסדים לטובת לתת ערך לאנשים או שהוא שומר את הכל לעצמו פרו.
 הוא מייצג את הלשמור את הכל לעצמי הוא לקח את הכל זה רצון לקבל הכי גדול לעומת משה שזה רצון להשפיע ולתת.
 תזכיר לי אחר כך לשאול אותך לגבי השם שלי נעשה את זה אחרי פודקאסט.
 באגדה לא באגדה בסיפור יציאת מצרים מסופר שבעצם בשביל שאנחנו נצליח לצאת ממצרים היה צריך להוריד 10 מכות זה לא היה תהליך כזה שמושה אמר לנו בואו נצא והלכנו אחריו נכון אז מה מה זה בעצם 10 המכות אנחנו גם מזכירים אותם בלילה סדר.
 נכון נכון אגב כשאנחנו מזכירים אותם בלילה סדר אנחנו גם תובלים את הזרת ביין.
 ונותנים איזה שהיא ככה תזה על על כוס נוספת וזה משחרר אותנו מה מה.
 מה מה מבית הסוער מבית הכלא הזה של שבנוי בעצם מ-10 מדרגות.
 10 המכות מייצגות בעצם את 10 הספירות כי האור של הבורא עובר דרך 10 ספירות.
 ואז אנחנו יודעים שהמכות מייצגות מדרגות של גילוי האור של הבורא עד למדרגה האחרונה.
 של של של של קטר שבעצם זהו הוא פגע בבחורות שלהם שזה ספירת קטר ושם בעצם נפגע שורש.
 שלה של המצרים כמו שעכשיו נניח יש את האיראנים שרוצים לפגוע תראי לעצמך יש לאיראנים כוח רוחני שנמצא איפשהו בעלמות הרוחנים אם לא ננקע אותו ברוחני אז בגשמי הוא תמיד יגדל.
 אז 10 המכות מייצג בעצם את האת הגילוי האור שעובר דרך 10 הספירות וכל מדרגה מנקה.
 עשימה עוד מעטפת עוד רצון לקבל לעצמו שליליות שנמצאת בתוכנו.
 אוקיי אבל היום לא אני ולא אתה ורוב האנשים בעולם הם לא עבדים.
 אנחנו חיים כבני חורים כבר ואנחנו בוחרים מה אנחנו רוצים לעשות ואיך אנחנו רוצים לחיות ואיפה אנחנו רוצים לחיות אז איך הסיפור הזה עדיין רלוונטי לחיים שלנו ראשית.
 כל מה שאנחנו עושים בחגי ישראל המילה חג במילה חוגה ולכן אני מייצג את זמן מצויים של פתח קוסמי.
 כבו אנחנו מקבלים אנרגיה עצומה באותו ליל סדר.
 ושוב פעם אני מדגיש שוב ושוב ושוב שמי שחושב שליל הסדר זה ארוחת ערב ומשפחה וכולם ביחד ולא משנה מה כל אחד באוכל שלו ובוא נהיה ביחד בליל הסדר כמובן.
 במסגרת המגבלות של פיקוד העורף אבל זאת לא המטרה המטרה היא לעבור לילה שבו אני משתנה לגמרי הופך להיות אדם חדש.
 אדם חדש לגמרי ובאקשר הזה אנחנו צריכים להבין שכל מה שאנחנו עושים עכשיו.
 מעכשיו עד ליל הסדר זה בעצם הכנה.
 בעצם אין הכנה לקראת לילה סדר.
 אז אז אז אתה מתכוון הנקיונות אז אני מדבר על הנקיונות אני מדבר על כל מה שאנחנו עושים אבל שוב פעם המודעות היא זו שקובעת את הכל.
 מה שקובע את הכל זה איפה המודעות של האדם נמצאת כי כי כי כי כי הבן אדם שמעריך ויודע ומגיע ממקום של וואו אני צריך עכשיו לעבוד לעשות איזה שהיא עבודה רוחנית פנימית.
 ולדעתי לחשוב רק על עבודה רוחנית פנימית זה לא זה לא זה לא מספיק.
 כי צריך לעשות פעולות אז הפעולות הן פעולות של ניקיון אין מה לעשות שהגוף עובד חזק זה גם משפיע על הפנימיות שלנו לא לא דיברנו על זה למה בעצם אנחנו לא אוכלים חמץ בפסח למה אתה.
 דיברנו בהתחלה שהפשט מדבר על זה שלא היה להם זמן להפות פיתות ולחם אבל מה באמת הסיבה האמיתית.
 אז אני רוצה לקרוא לך בתוך ספר הזוהר כתוב בפרשת בו.
 בפסוק 178 ואיסם את בצוקות טרם יחמץ כביכול כן שהוא לקח את הבצק מבלי שהוא עבר את תהליך התפיכה.
 שזה נקרא חמץ לבאר חמץ הוא אומר פיקודה דעה המצווה היא לבאר חמץ דעה פיקודה דעה התמסר לה לישראל שהמצווה הזו ניתנה לישראל.
 אוכלים תיאור לא ימצא בבתיכם שאסור לא כדאי שיש שום סוג של חמץ לא לאכול חמץ אפילו לא להשאיר חמץ בבית למה.
 ואהו כמו החברה כמו שהחכמים כמו שהתלמידים של רבי שמעון ורבי שמעון כמו שהם לימדו אותנו ורזה וקמינה בין חמץ ומצה.
 דחמה דוחתה די יצר רע בדי יצר טוב אז המצה.
 מייצגת את יצר הטוב הלחם החמץ מייצגת לייצר רע למה כי יצר רע הוא הולך ותופך הולך ותופך.
 כי אנחנו כבר יודעים שאם אדם חושב מחשבה שלילית את הרי מקודם שאלת רגע אנחנו לא עבדים נכון בתקופה שלנו 2026.
 מה הקשר לעבדות עבדות הייתה לפני אלפי שנים אני רק רוצה לומר במה בצורה הכי הכי פשוטה שיכולה להיות.
 את מכירה מישהו שהוא לא עבד למחשבות שלו לדעת כמה מחשבות נכנסות לנו בראש ביום.
 מישהו יכול להגיד שואלה אני נקי יש לי מחשבות טובות מחשבות מחוברות לילה את החיים אני יוצר אני יצירתי אני בשמחה כל הזמן המחשבות מורידות אותנו רוב היום רוב היום.
 יש לנו עשרות אלפי מחשבות ורוב המחשבות שליליות.
 רוב המחשבות.
 אוקיי למעלה מ-90 ומשהו אחוזים זה מחשבות שליליות אז מי יכול להגיד שיש לו חירות אמיתית בלילה סדר אפשר לקבל חירות שבה המחשבות שלי יהיו מנותבות לכיוון האור.
 לכיוון של סלק הרי מה מה מה גורם למחשבות שליליות זה לא אתה זה לא המוח שלך אין שום דבר לא בסדר בך אבא אלא יש קליפה שיושבת.
 קליפה זה כוח שלילי כוח של חושך שיושבת לנו איפה שהוא מסביבנו ומונעת מאור של הבורא להיכנס.
 איך זה עובד כאילו כי לחם זה זה דבר פיזי זה כאילו אני מבינה שזה סמל הרצון לקבל לעצמו לאגו אבל זה דבר פיזי זה בסך הכל חיטה ומים.
 שישבו בתנור מה איך שאני אוכלת את זה זה הופך להיות עכשיו נותן לי את הכוח לשלוט על המחשבות הקדושה נכנסת הקדושה חברת להיכנס לתוך כלי.
 כמו היין בקידוש אנחנו מקדשים כל הזמן בין למה צריך אפשר לקדוש בלי יין למה צריך לקחת חלה אפשר לקחת תפוח עץ אנחנו.
 מבינים שהקדושה היא אנרגיה שבאה מהאינסוף מהאור של הבורא אבל היא חייבת להיכנס לתוך כלי.
 ומה שנכנס לתוך המצע עם המודעות הנכונה שהוא פעם מי שמכין את המצע.
 כמו אותו אדם שהוא מועל כן שעושה ברית מילה איפה המודעות שלך כמו אדם שקורא בתורה איפה המודעות שלך נמצאת כמו אדם ששש שמכין אוכל אנחנו יודעים אפילו לאוכל.
 המודעות עוברת כי יש למשל הבדל בין אוכל שאימא מכינה לבין אוכל שמישהו זר מכין למה מה ההבדל אותו מתכון המחשבות.
 המודעות של אדם עוברות לתוך הפעולות שלו וכשאנחנו מכינים את המצע מישהו מבין מכוון בתוך המצע הזו יש בעצם רפואה זה לכן המקובלים קראו למצע מחלת אסוותה.
 מה זה נקרא לחם רפואה בערמית אסוותה זה רפואה כן מחלה זה לחם אז לחם הרפואה מה זה מרפא זה מרפא את האגו שלנו.
 כי השורש לכל המחלות השורש לכל הקיאוס בעולם זה הרצון לקבל לעצמו זה אגו והמצאה מנקה את האגו.
 אז זה כלי שהיא לא תופכת בדיוק היא לא תופכת וכבר נכנס אליה נכנס נכנסה למודעות רק למשך שבעים תזכרי מי שאוכל מצאה.
 בסוכות לא זה לא עובד כי אבורי מכניס אנרגיה של חירות במשך שבעים וזה נכנס.
 לתוך המצאה כמו שבסוכות יש שבעים סוכות אם תבני סוכה עכשיו לצרוך העניין תשווי בסוכה כלום לא קורה אבל אתה נכנס בדיוק בזמן.
 שלה של המועדה ולכן זה נקרא חג חג מלשון חוגה בזמן הזה אבורי מחדיר לייקום אנרגיה אינסופית של חירות.
 אז כשאוכלים את המצאה וכדאי לאכול כמה שיותר מצאות דרך אגב כדי לנקות מי שמבין מה הכוח של המצאה אוכל כמה שיותר מצאות.
 מעבר לזה שיש את לילה סדר שאולי נדבר על זה בהמשך.
 והלחם שאמרנו שלא אוכלים אותו בפסח צריך גם לנקות אותו מהבית גם צריך אם אני זוכר טוב אסור גם לראות אותו נכון אז למה בעצם לראות זה פחות בעיה אבל אבל יש מחמירים וגם לא רוצים לראות כי הראייה מייצרת איזה שהוא סוג של התעוררות של רצון.
 לנקות את הבית כבר מעכשיו לא לחכות עכשיו הניקיון הוא כגודל המודעות של האדם.
 אני זוכר הייתי פעם שהתחלתי איתה ללמוד קבלה הייתי בן 25 למדתי את השיעור על פסח גרתי עם עוד כמה חבר'ה ישראלים גרנו בלוס אנג'לס חבר'ה כאילו מופרעים כאלה ומצחיקים חברים טובים שלי,
 ולא ידעתי מה לעשות איך מה זה לנקות מה עכשיו זה כאילו כמה ימים לפני לסדר שהבנתי מה זה אומר פסח.
 נכנסתי לארונות המטבח הלון המון פסטות היינו אוכלים המון פסטות עשר דקות אתה כבר יושב ואוכל.
 אז לקחתי את כל הפסטות ואת כל הקרקקרים מנהם ולא לנו גרילר הם עושים המון על העיר כמעט כל ערב המסים אולי שם זה לקחתי זה לגרילר היא סבלת כל הפסטות ואת כל הקרקרים מנאים,
 הדלקתי תשחסמתי קצת חומר מבהיר ואני עושה את העיניים אני בגינה היינו איתה לנו גינה ענקית ואני עושה את העיניים.
 אני מכוון של חמץ מתוכי כל האגו כל הרצון לקבל ואת יודעת מה.
 זה היה ביור זו הדיור החמץ הכי הכי הכי טוב שאלי פעם בחיים בפשטות לא הבנתי תחוקים לא ידעתי מה קורה הייתי עשיתי את זה בסיעת מימות.
 אבל הפעולה הזאת שלעצמה נקטה מתוכי כל כך הרבה שליליות אני זוכר שמיד אחרי פסח של אותה שנה הרגשתי גדילה רוחנית הרגשתי ממש התעלות הרגשתי שאני משתנה,
 למשל אפילו אנשים שמצבים שלילים אנשים שלילים באמת כבר כבר לא נכנסו כבר יותר לחיים שלי מאותה תקופה ואילך.
 זה לא רק כמה שאנחנו מדכדקים בניקיון יותר חשוב המודעות או מה שאנחנו מכוונים עליו כשאנחנו מנקים לגמרי לגמרי כאילו זה תוך שילוב של מודעות וניקיון.
 אז מה השילוב הכי טוב לפשפש בכל כיס לפתוח את הבגדים לנקות המדפים לפתוח את הכל את כל הארונות להוציא דברים.
 עכשיו אנחנו נמצאים רוב הזמן בבית אז יש יותר זמן אפילו לנקות קדימה לנקות ולהוציא ועכשיו כשאתה מוציא ואתה מנקה ואתה מוציא את זה החוצה או נותן בגדים שלא צריך או מוציא כל שכן חמץ.
 אתה בעצם מנקה את הכעסים שלך אתה מנקה את המגבלות שלך אתה מנקה את המסגרת המוגבלת שבה אתה נמצא כרגע כי מפסח ואילך אתה עובר למדרגה הבאה שלך.
 זאת המתנה הכי הכי גדולה שאדם יכול לבקש.
 וגם הוא מרגיש ככה אני מה זה אוהב את זו תקופה הזאתי שאני קנות לך אני מרגישה באמת חדשה אחת אחר פעילה איך מרגיש לי חדש אני מרגישה חדשה אירון שהיא מרגיש חדש הכול נכון הכלים המטבח זה כזה,
 זאת הסיבה שאנחנו גם קונים בגדים חדשים אוקלים יש לנו כלים חדשים לא משתמשים באותם כלים יש גם אנשים שקונים מצעים חדשים או מחדשים את הבית.
 למה כי אתה כבר לא אותו אדם אחרי פסח משפיעה מבחוץ משפיעה גם יש עניין של מודעות שעוברת לה.
 לבגדים עוברת לה נקיונות ואני קיונות הללו בעצם משפיעה על המודעות שלנו וכל מה שאנחנו מכוונים זה באמת אני לא רוצה להיות אותו אדם שהייתי לפני ללסדר אני רוצה להפוך להיות אדם חדש לגמרי.
 מדהים אז זה באמת מרגש כן אם מישהו לא מבין את המשמעות של כל הפעולות האלה זה עדיין עובד.
 אם מישהו מנקה את הבית אוכל מצות נפטר מהחמץ עורף עושה מכירה כאילו כל הפעולות האלה זה עדיין עובד יש סיפור שלה שפעם הודיעו לבעל שם טוב סיפור מאוד מרגש.
 אני לא זוכר את כל הפרטים אבל אני זוכר את המעוט של הסיפור מודיעו לבעל שם טוב שיש אדם שנמצא בעיר הזו וזו שהוא עשה את לילה סדר.
 ברמה הרבה יותר גבוהה מבעל שם טוב כאילו גילה או הרבה יותר גדול.
 אני רוצה ללכת ללמוד ממנו מי מי האדם הזה אז יראו לו הוא גר כך וכך הוא הלך לבית של אותו בן אדם כאילו בן אדם פשוט ביותר.
 ו.
 הוא נכנס הוא מגיע לבית של אותו בן אדם ואורי באמת דקתה כזאת די פשוטה ואושל אותו אני שלום לך וזה והוא ראה את הבעל שם טוב נדע מה מה פתאום מה עשית בלילה סדר.
 אמר לו אני מתבייש להגיד אני לא נעים לי להגיד לו בבקשה תספר לי אני ממש במבוכה אני לא נעים לי להגיד.
 אני אני הבעל שם טוב אני ממש מבקשת תגיד לי מה עשית כי אני רוצה לדעת.
 אומר לה תגיד לך את האמת הלכתי לישון ישנתי כל הסדר.
 בעל שם טוב.
 אבל לפני שהלכתי לישון ממש דקה דקה לפני שהלכתי לישון כאילו מה שקרה זה ששתיתי את הארבע קוסות.
 ובגלל ששתיתי כל כך הרבה יין באותו לילה אני הלכתי ונרדמתי וישנתי כל הסדר אבל לפני כן אמרתי לילדים שלי חבר תזכרו.
 שהיינו עבדים ועכשיו אנחנו יוצאים לחירות אמיתית אנחנו יוצאים לחירות בזכות הכוח של האור של הבורא ויש רק את הבורא בעולם.
 אין יותר כוח אחר רוץ מהבורא בטרח נפלתי ונרדמתי זה מה שעשיתי הוא לא עשה את הסדר הוא לא עשה את כל הכארה הוא לא כלום לא אפילו לא חלמצות כלום.
 ובגלל התמימות שלו וההבנה שלו שיש רק את האור של הבורא הוא הרגיש את זה אז עכשיו התשובה היא כזאת.
 אם אדם מעורר איזשהו רצון אפילו ברמה הכי פשוטה והוא לא בדיוק מבין את הסוד של הכארה.
 חמישה עשרה צעדים לא את הרצון הפשוט אני רוצה להשתנות אני רוצה שינוי בחיים ולכן הזור אומר פיתחו לי פתח כחודו של מחט.
 אפתח לכם שערים מיליונים וזה כמובן מדבר גם על הסדר שבנאדם בא עם פתח של אני רוצה להשתנות.
 אז הוא מתחבר ולעומת אדם שבא לארוחת ערב אז בדיוק מה שהוא אומר את מה שהוא מכוון ארוחת ערב יפה טובה עם המשפחה.
 מצוין שברוב המקרים אל תשכחי אני לא מדבר על השנה כי השנה קצת.
 יש מצב שאפשר להתכנס יותר מדי וכולי אבל בדרך כלל.
 מתי קורות המריבות המשפחתיות הכי גדולות כולה יש ילד יש מריבה כי יש הרבה אנשים ויש לחץ ואנשים בבבקה סבב רע צריך שקט כל אחד יש לו את זה שלו ואז.
 חוזרים הביתה ושופטים את הדוד הזה ואת הדודה הזאתי שהיא אמרה ככה והיא הילדים אמרו ככה במקום להיות מחוברים ללילה.
 הבלתי מוגבל הזה אין סופי הזה האור האין סופי הזה שמתגלה מתחברים למריבות כן עכשיו זה יכול לקרות לכל אחד אבל זה לא קורה לבן אדם.
 שמבין את גודל המתנה את גודל שיש לו ערכה לפסח איזה מדהים זה לגלות שהסיפור הזה שכולנו גדלנו עליו בגן בבית ספר וכל החיים פתאום אני מגלה שהוא משהו אחר לגמרי זה לא מסורת וזה לא מנהגים וזה לא ארוחת חג כמו שכולנו נוטים לחשוב.
 אלה זה באמת הזדמנות לשנות לגמרי את המודעות שלי להיוולד מחדש סוג של בפסח לעשות ניקיון פנימי.
 ולגמרי לעבוד על עצמי להשתנות זה מטורף לגמרי וואו אני כל כך מתרגש לקראת פסח.
 זאת המתנה הכי הכי הכי גדולה בשנה שאנחנו יכולים לקבל ממש אז בפרק הבא אנחנו ניכנס יותר לתוך ארוחת לילה סדר סעודת החג.
 נדבר על קראת הסדר על ארבעים יש עוד המון המון שלבים במהלך הארוחה עצמה דיברנו היום על מה אנחנו עושים לפני לילה סדר הכנה ניקיון.
 בפרק הבא אנחנו נדבר ממש על מהלך הסדר לגמרי וגם אולי נזכיר בקצרה את השביעי של פסח שהוא אפילו יותר גדול מלילה סדר.
 מחכה לזה ממש גם אני תודה.",,,,1175892259,https://drive.google.com/uc?export=download&id=10M_VQyOaiT-TpZWwZVF4BQ2tJR_SLgHJ,https://youtu.be/djRuuDY-mbQ?si=OJOvWWGPEG8Ew46V,checked,https://drive.google.com/uc?id=1-evzk1nHIh6YsQC4pzKTJAKGZ8-spg9t&export=download,https://open.spotify.com/episode/2GtfXQNhassUK9affi4E0E,https://vimeo.com/reviews/30c68b9d-6b48-4951-ada5-33e6b328b67b/videos/1176968644,https://vimeo.com/reviews/f74adc5e-624f-4124-88e7-56b8a1587696/videos/1176968477,https://vimeo.com/reviews/2ade1de0-5a7f-4483-9eed-b8b0a6bc66b9/videos/1176968562